claim_id	branch	artifact_id	artifact_role	filename	bytes	sha256	location	producer_version	input_hashes	verification_status	notes
G11-R	R0/R1	R-CERT-0.1.0	certificate_package	grid11_six_colour_two_size22_certificate_0.1.0.zip	856451184	f257f471ce104a80cc130682fdbe4cca2858d321bccf2e76573d44a9cd6d2198	PENDING_PUBLIC_ARCHIVE	0.1.0	part00=66a1411cb710969a3ce90e2c83fb9de6d5c38f8add844d259db185748a48aecd;part01=7bad5c9da55b91cd7710c1a3fe88fe88bdddff472ad00e2c942c1d1cf38a3506	ZIP_TEST_PASS	Reconstructed from the two staging parts received in the working session; public archival URI still required.
G11-R	R0/R1	R-REFRESH-0.1.1	certificate_package_refresh	grid11_six_colour_two_size22_certificate_0.1.1.tar.zst	594591562	e5bc7cb32befb06fedb64803aeead269f232665069721e872ca6ec8e20adab0e	PENDING_PUBLIC_ARCHIVE	0.1.1	part00=f1c712248e40cdee9ebbec6b209eaee1e6fcd400c5312c7060e5a80295486eea;part01=8050a7e1c686731b11f3cc9c801b4a1c4930c0ce2487a0a6927784628fc53dcc;part02=392d1850b73e09df82fa7f83e35196cde076427e6e27a50cc6146412f75c7d09;part03=8fc0c3640f3df2b7295382fc82701da6b6828d184e2408c426f58e23b3951316;part04=a2df6bbfea8c6a8760e1c4e921222a81db1ab39b2c14e02b48c1af900949acdc;part05=c3720fa28dde46fc8a4ba4f58c6d19fbea87ae5e48816bcbd30dea443739ee0c	ZSTD_TEST_PASS	Packaging-only 0.1.1 repair; authoritative package documentation says no research source, CNF, solver report, verification report, certificate log, or mathematical data changed.
G11-R	R1	R-PROOFS-0.1.0	proof_body_archive	grid11_six_colour_two_size22_proofs_0.1.0.tar.zst	45687997349	0087af20d68402c18728e56bc209e508b5565e9522c0b4185afaf2faf43f994f	PENDING_PUBLIC_ARCHIVE	0.1.0	certificate-package-cross-reference	NOT_IMPORTED	Authoritative 1,309 compressed DRAT proof-body archive; hash and byte count are recorded by the imported certificate package, but the 45.7 GB body archive is not yet public here.
G11-R	R0/R1	R-SRC-CAP-GENERATOR	generator_source	enumerate_caps.cpp	3733	c47a5a4488a6963be51defdfbe135b9637442ee26b798188be84279fed48a824	g11/R/source/generator/enumerate_caps.cpp	0.1.1	NONE	IMPORTED_HASH_MATCH	Exact frozen exhaustive cap generator; fresh exhaustive replay is recorded separately as R-CATALOGUE-RECON-20260826.
G11-R	R0/R1	R-SRC-CAP-CANON	validator_source	canonicalize_caps.py	1145	d67cd40f91a907bac8519d300f50f68a85bcd36c525dd3dbaeb92dab415dedcf	g11/R/source/caps/canonicalize_caps.py	0.1.1	caps22_diag_independent.hex=2aed51282c1fb96e623e7c47c7e182ff2d914f80a414808898f526ac832f83bc	IMPORTED_HASH_MATCH	Exact frozen D4 canonicalizer; expected frozen quotient has 89 rows.
G11-R	R0	R-SRC-DISJOINT	validator_source	audit_disjoint_caps.py	2871	3364c0cd6db3010608cc1ff0c7e063f89185f7dd99b2419c05c82f1839303a9e	g11/R/source/caps/audit_disjoint_caps.py	0.1.1	caps22_diag_independent.hex=2aed51282c1fb96e623e7c47c7e182ff2d914f80a414808898f526ac832f83bc	IMPORTED_HASH_MATCH	Exact frozen source; checks 676 caps, 2,138 disjoint edges and zero triangles.
G11-R	R1	R-SRC-PAIR-CANON	validator_source	canonical_cap_pairs.py	4199	2b5095c8221cbca15f48094ca469cad9c015be5a5885a06131e6166e16177f47	g11/R/source/symmetry/canonical_cap_pairs.py	0.1.1	caps22_diag_independent.hex=2aed51282c1fb96e623e7c47c7e182ff2d914f80a414808898f526ac832f83bc	IMPORTED_HASH_MATCH	Exact frozen source; reconstructs 930 capacity-feasible pairs and 119 D4 × pair-swap orbits.
G11-R	R1	R-SRC-COVERAGE	coverage_validator_source	audit_coverage.py	10551	7930707d894c312e519b8c530b21f54be3887cece5e6b3e16164d4136a1b457b	g11/R/source/coverage/audit_coverage.py	0.1.1	pair_table=5f6b9033e3eef7b0505be70b6e2eb98cc879984f2456ab0836567014a87f9c3c	IMPORTED_HASH_MATCH	Exact frozen source; reconstructs R1 pair/profile/leaf coverage and exact CNF construction when full leaves are present.
G11-R	R1	R-SRC-LEAF-AUDIT	coverage_validator_source	audit_twomax_leaf_batch.py	10280	d5a6832355b67701e68e65ce7b62eb8c117d50b948ac6aeb7296e1a8027f423a	g11/R/source/verification/audit_twomax_leaf_batch.py	0.1.1	pair_table=5f6b9033e3eef7b0505be70b6e2eb98cc879984f2456ab0836567014a87f9c3c	IMPORTED_HASH_MATCH	Exact frozen preflight auditor used by the proof-verification driver.
G11-R	R1	R-SRC-PROOF-VERIFY	proof_verifier_driver	verify_twomax_proofs_parallel.py	16848	54b2220be65156d2c991b5dda128193be658a84fafb06ade86f9ada83b1a8266	g11/R/source/verification/verify_twomax_proofs_parallel.py	0.1.1	proof_archive=0087af20d68402c18728e56bc209e508b5565e9522c0b4185afaf2faf43f994f	IMPORTED_HASH_MATCH	Exact frozen driver: exhaustive preflight, DRAT validation, temporary LRAT generation, LRAT validation, atomic per-leaf reports.
G11-R	R1	R-SRC-METADATA	metadata_validator_source	verify_metadata.py	2161	85064205d05f5fcde9184a6c077c6403142f089e6e50335ac758e0a1988c6fbf	g11/R/source/verification/verify_metadata.py	0.1.1	final_ledger_schema=grid11-twomax-drat-lrat-parallel-v1	IMPORTED_HASH_MATCH	Exact frozen source; cross-checks all 1,309 CNF/report/log/ledger metadata entries in original package layout.
G11-R	R0/R1	R-DATA-CAPS22-676	frozen_input	caps22_diag_independent.hex	21632	2aed51282c1fb96e623e7c47c7e182ff2d914f80a414808898f526ac832f83bc	g11/R/data/caps22_diag_independent.hex	0.1.1	generator=c47a5a4488a6963be51defdfbe135b9637442ee26b798188be84279fed48a824	COMMITTED_HASH_MATCH	Frozen 676-line diagonal-feasible size-22 catalogue; repository bytes are byte-identical to the frozen package copy.
G11-R	R0/R1	R-DATA-CAPS22-D4-89	frozen_input	caps22_d4.hex	2848	234108ff1e1922c5385eb7714c799a677d10913396427ec17e7aa8e411621e40	g11/R/data/caps22_d4.hex	0.1.1	caps22_diag_independent.hex=2aed51282c1fb96e623e7c47c7e182ff2d914f80a414808898f526ac832f83bc;canonicalizer=d67cd40f91a907bac8519d300f50f68a85bcd36c525dd3dbaeb92dab415dedcf	COMMITTED_HASH_MATCH	Frozen 89-line D4 quotient; repository bytes are byte-identical to the frozen package copy.
G11-R	R1	R-DATA-PAIR119-CAPACITY	frozen_input	cap_pairs22_capacity_d4_swap.hex	7616	5f6b9033e3eef7b0505be70b6e2eb98cc879984f2456ab0836567014a87f9c3c	g11/R/data/cap_pairs22_capacity_d4_swap.hex	0.1.1	caps22_diag_independent.hex=2aed51282c1fb96e623e7c47c7e182ff2d914f80a414808898f526ac832f83bc;pair_canonicalizer=2b5095c8221cbca15f48094ca469cad9c015be5a5885a06131e6166e16177f47	COMMITTED_HASH_MATCH	Frozen 119-line capacity-filtered D4 × pair-swap orbit table; repository bytes are byte-identical to the frozen package copy.
G11-R	R1	R-DATA-PAIR119-ALT	frozen_input	pairs22_filtered_ordered_d4.hex	7616	0aa91ddff6dc2fa6bf860919b0f779cec86674a88099fc1f44c32a2e4685b2ae	g11/R/data/pairs22_filtered_ordered_d4.hex	0.1.1	caps22_diag_independent.hex=2aed51282c1fb96e623e7c47c7e182ff2d914f80a414808898f526ac832f83bc	COMMITTED_HASH_MATCH	Alternative frozen 119-line pair-orbit table; coverage auditor checks equality of the canonical orbit universe.
G11-R	R0/R1	R-REPLAY-20260826	fresh_reexecution_log	independent_replay_20260826.txt	3220	2ce2306f722c733c2c40e295d141c474eb43bad3014cc1a1a65733f2beb5217f	g11/R/evidence/independent_replay_20260826.txt	repo-audit-2026-08-26	refresh_archive=e5bc7cb32befb06fedb64803aeead269f232665069721e872ca6ec8e20adab0e	PASS	Fresh re-execution/reconstruction from exact frozen source: 676/89 caps, 2,138 edges, zero triangles, 930 retained pairs, 119 orbits, generated pair table byte-identical. This is not an independently implemented checker.
G11-R	R0/R1	R-CATALOGUE-RECON-20260826	catalogue_reconstruction_log	catalogue_reconstruction_20260826_m4.txt	2700	b64298b9925eee3822a59cb4395d630dff8ef965b43b6a2cc69c907d19029977	g11/R/evidence/catalogue_reconstruction_20260826_m4.txt	repo-audit-2026-08-26	commit=8e35fc930de2d5ecb447759770415e283803a22d;generator=c47a5a4488a6963be51defdfbe135b9637442ee26b798188be84279fed48a824;caps=2aed51282c1fb96e623e7c47c7e182ff2d914f80a414808898f526ac832f83bc;d4=234108ff1e1922c5385eb7714c799a677d10913396427ec17e7aa8e411621e40	PASS	Apple M4/macOS 27, clang 17, Python 3.14.7; 534,934,909 search nodes; about 30 s; exit 0; reproduced 1120 oriented solutions, 676 long-diagonal-feasible caps and 89 D4 representatives byte-for-byte; also reconfirmed 2138/0-triangle and 930/119 small-layer counts.
G11-Q1-Q4	Q1-Q4	Q1234-FINAL-20260720	final_execution_evidence	q1234_cap_packing_manifest.tsv	2822	65f63a45fe68ede8c2104178f5d0870aebba577d15e6fe6191968024d5749716	g11/Q/work/sat_agent/q1234_cap_packing_manifest.tsv	q1234_cap_packing; source SHA-256 2227dba3f45b344abd38e445b9636ecaa6f30258ae68f9c7e992029c990e2fa7	caps22_d4.hex=234108ff1e1922c5385eb7714c799a677d10913396427ec17e7aa8e411621e40; caps21 catalogue hashes are in the source manifest	PRIMARY_AND_INDEPENDENT_AUDITS_PASS	Six shards exit 20; 89 fixed caps; 670 residual instances; residual_sat=0. Existing focused audits passed on 2026-09-26; no production search rerun during import.
G11-Q5-Q6	Q5/Q6	Q56-V2-ARCHIVE	frozen_production_archive	g11_q56_complete_elimination_v2.zip	41823110	781859c9be9f6ba023399b91eae21814be365f28134394afb4c87954a182c46b	https://github.com/donghaoxuan13818851792-code/no-three-in-line-colourings/releases/download/q56-complete-elimination-v2/g11_q56_complete_elimination_v2.zip	q56-canonical-9x1-20260722_181908	source=8608dce848381a7e69a5c057cd98acba9d4c6646775fa0a1b32b53b21b4849d1; executable=aca1e0b634e6ea201810d542ccd6d6794f0afa9eaa7c4ccde6b3b4542267e140; input=a9860cd6043c4ded1bac5482068813fc642fefc4e00b3be4954d083fc80cd282; catalogue=234108ff1e1922c5385eb7714c799a677d10913396427ec17e7aa8e411621e40	FINAL_SHARD_AUDIT_PASS_RELEASE_ASSET	Exact 41,823,110-byte archive is attached to a versioned public release; asset digest independently rechecked after upload.
G11-P1-P3	P1/P2/P3	P123-PRIMARY-20260720	final_execution_evidence_primary_only	p123_cap_packing_manifest.tsv	3133	5af01e5ebccd5167128ed279453d26f97bd59e934301e795fae97de1076b4864	g11/P/work/sat_agent/p123_cap_packing_manifest.tsv	p123_cap_packing; source SHA-256 1304e1890ac7ecea4a4cbb536b4ed0c0ee5e0e3d7e6080bf3d87c2a324b9d37f	caps22_d4.hex=234108ff1e1922c5385eb7714c799a677d10913396427ec17e7aa8e411621e40; caps21 catalogue hashes are in the source manifest	PRIMARY_AUDIT_PASS_INDEPENDENT_VERIFICATION_PENDING	All six primary shards are imported and pass the existing primary audit (708,638 residual instances; residual_sat=0). Independent shard outputs are empty and the required status records are absent; no independent pass is claimed.
G11-P6	P6	P6-HANDOFF-20261006	research_handoff_archive	P6_RESEARCH_HANDOFF_PACKAGE.zip	401341810	8a97c7ee35179b668d0c015ddac7588a0e7a81251804e7326aad65b55b051a5c	https://github.com/donghaoxuan13818851792-code/no-three-in-line-colourings/releases/download/g11-handoff-20261006/P6_RESEARCH_HANDOFF_PACKAGE.zip	Apocrita job 24428447	fixed_A_input=b7875c4a03777ed8f5e9caef15188d18e788ce6cc4e2e1bbd2660574a5abbe56	FIXED_A_AUDIT_AND_BACKEND_REPLAY_PASS	10787/10787 fixed-A UNSAT; 169 chunks; original supplied verifier rejects stale manifest; global P6 incomplete.
G11-Q10	Q10	Q10-HPC-HANDOFF-20261006	research_handoff_archive	Q10_HPC_HANDOFF_PACKAGE.zip	3140960671	1ea37d8321c44a018efc37694e21e2d8dacc4870224a540ea14b5609cbc2000e	https://github.com/donghaoxuan13818851792-code/no-three-in-line-colourings/releases/tag/g11-handoff-20261006	Apocrita HPC handoff	caps22_d4=234108ff1e1922c5385eb7714c799a677d10913396427ec17e7aa8e411621e40	PRIMARY_89_REP_COVERAGE_INDEPENDENT_VERIFICATION_PENDING	Original ZIP is reconstructed from parts 00 through 12; 85 new primary chains pass; 4 old anchors retained; native join auditor 85/85 pass; top-level stale manifest rejected.
G11-P6	P6	P6-BACKEND-REPLAY-20261006	verification_record	backend_replay_20261006.jsonl	5737817	f563b7fe39da2c6cb564fccbb44b8c4b16932aa616e6bc7995f1aadbbc4d5075	g11/P/evidence/P6/audits/backend_replay_20261006.jsonl	repo-audit-2026-10-06	archive=8a97c7ee35179b668d0c015ddac7588a0e7a81251804e7326aad65b55b051a5c	PASS_WITH_DOCUMENTED_SCOPE	Fresh frozen-source backend replay passes 10787 supplied candidate lists; candidate enumeration completeness and independent global correctness not established.
G11-Q10	Q10	Q10-PRIMARY-AUDIT-20261006	verification_record	hpc_zip_audit.json	610	94187fd6c6a3c2baf5823dfa7db44d8d0d0fcdf921d1767f6a5c6de96153fd13	g11/Q/evidence/Q10/audits/hpc_zip_audit.json	repo-audit-2026-10-06	archive=1ea37d8321c44a018efc37694e21e2d8dacc4870224a540ea14b5609cbc2000e	PASS_WITH_DOCUMENTED_SCOPE	257125 catalogue records and 4675 new join shards checked; 74011954 masks in sorted unions; no search or fresh full geometry/proof replay.
G11-Q10	Q10	Q10-NATIVE-JOIN-RECHECK-20261006	verification_record	native_join_rechecks_summary.json	186	51c09af9586af42527e55547b864f64e32cd17463ba9df639f44f1ab034eee3d	g11/Q/evidence/Q10/audits/native_join_rechecks_summary.json	repo-audit-2026-10-06	archive=1ea37d8321c44a018efc37694e21e2d8dacc4870224a540ea14b5609cbc2000e	PASS_WITH_DOCUMENTED_SCOPE	Unmodified supplied join auditor passes 85/85 relocated new join chains; join searches not rerun.
G11-Q10	Q10	Q10-HPC-PART-00-20261006	archive_part	Q10_HPC_HANDOFF_PACKAGE.zip.part_00	250000000	69f0d56a59e63ba0578c87872f6b538e8965ff34acac6887851b98fa57167bdf	https://github.com/donghaoxuan13818851792-code/no-three-in-line-colourings/releases/download/g11-handoff-20261006/Q10_HPC_HANDOFF_PACKAGE.zip.part_00	byte-preserving 250 MB split	whole_zip=1ea37d8321c44a018efc37694e21e2d8dacc4870224a540ea14b5609cbc2000e	LOCAL_PART_AND_REASSEMBLY_HASH_PASS	Concatenate 00 through 12 in numeric order; verify every part and the complete archive hash.
G11-Q10	Q10	Q10-HPC-PART-01-20261006	archive_part	Q10_HPC_HANDOFF_PACKAGE.zip.part_01	250000000	f3695dadc824dcf7224a28191cb77e21bdcab3afdd93c3a5cb010f1c994dac14	https://github.com/donghaoxuan13818851792-code/no-three-in-line-colourings/releases/download/g11-handoff-20261006/Q10_HPC_HANDOFF_PACKAGE.zip.part_01	byte-preserving 250 MB split	whole_zip=1ea37d8321c44a018efc37694e21e2d8dacc4870224a540ea14b5609cbc2000e	LOCAL_PART_AND_REASSEMBLY_HASH_PASS	Concatenate 00 through 12 in numeric order; verify every part and the complete archive hash.
G11-Q10	Q10	Q10-HPC-PART-02-20261006	archive_part	Q10_HPC_HANDOFF_PACKAGE.zip.part_02	250000000	9534340aca005b13aa98375a0ae438922680e898bc197b9512fac7d091a36fc0	https://github.com/donghaoxuan13818851792-code/no-three-in-line-colourings/releases/download/g11-handoff-20261006/Q10_HPC_HANDOFF_PACKAGE.zip.part_02	byte-preserving 250 MB split	whole_zip=1ea37d8321c44a018efc37694e21e2d8dacc4870224a540ea14b5609cbc2000e	LOCAL_PART_AND_REASSEMBLY_HASH_PASS	Concatenate 00 through 12 in numeric order; verify every part and the complete archive hash.
G11-Q10	Q10	Q10-HPC-PART-03-20261006	archive_part	Q10_HPC_HANDOFF_PACKAGE.zip.part_03	250000000	1d8b2eaf988e883661abe8ad67aace002d16d637084a6fc69ed0697b18c32c4b	https://github.com/donghaoxuan13818851792-code/no-three-in-line-colourings/releases/download/g11-handoff-20261006/Q10_HPC_HANDOFF_PACKAGE.zip.part_03	byte-preserving 250 MB split	whole_zip=1ea37d8321c44a018efc37694e21e2d8dacc4870224a540ea14b5609cbc2000e	LOCAL_PART_AND_REASSEMBLY_HASH_PASS	Concatenate 00 through 12 in numeric order; verify every part and the complete archive hash.
G11-Q10	Q10	Q10-HPC-PART-04-20261006	archive_part	Q10_HPC_HANDOFF_PACKAGE.zip.part_04	250000000	c663907f3b8b26694e0275adfcd66e4f128438c1327fa8abfc00cb869f7b2f9b	https://github.com/donghaoxuan13818851792-code/no-three-in-line-colourings/releases/download/g11-handoff-20261006/Q10_HPC_HANDOFF_PACKAGE.zip.part_04	byte-preserving 250 MB split	whole_zip=1ea37d8321c44a018efc37694e21e2d8dacc4870224a540ea14b5609cbc2000e	LOCAL_PART_AND_REASSEMBLY_HASH_PASS	Concatenate 00 through 12 in numeric order; verify every part and the complete archive hash.
G11-Q10	Q10	Q10-HPC-PART-05-20261006	archive_part	Q10_HPC_HANDOFF_PACKAGE.zip.part_05	250000000	a7123830a405778aff3b505bbad869dd493004b435b5a7481a4f8720e53cc7e3	https://github.com/donghaoxuan13818851792-code/no-three-in-line-colourings/releases/download/g11-handoff-20261006/Q10_HPC_HANDOFF_PACKAGE.zip.part_05	byte-preserving 250 MB split	whole_zip=1ea37d8321c44a018efc37694e21e2d8dacc4870224a540ea14b5609cbc2000e	LOCAL_PART_AND_REASSEMBLY_HASH_PASS	Concatenate 00 through 12 in numeric order; verify every part and the complete archive hash.
G11-Q10	Q10	Q10-HPC-PART-06-20261006	archive_part	Q10_HPC_HANDOFF_PACKAGE.zip.part_06	250000000	abcff18cd0bbbc160091a7b861268ac68ac398d0e62f4f40905a30d5a159ef04	https://github.com/donghaoxuan13818851792-code/no-three-in-line-colourings/releases/download/g11-handoff-20261006/Q10_HPC_HANDOFF_PACKAGE.zip.part_06	byte-preserving 250 MB split	whole_zip=1ea37d8321c44a018efc37694e21e2d8dacc4870224a540ea14b5609cbc2000e	LOCAL_PART_AND_REASSEMBLY_HASH_PASS	Concatenate 00 through 12 in numeric order; verify every part and the complete archive hash.
G11-Q10	Q10	Q10-HPC-PART-07-20261006	archive_part	Q10_HPC_HANDOFF_PACKAGE.zip.part_07	250000000	a6c4a77a37141cfe02eaf9fc1743656c8fede819996da4fcdc1caaccba3f08d7	https://github.com/donghaoxuan13818851792-code/no-three-in-line-colourings/releases/download/g11-handoff-20261006/Q10_HPC_HANDOFF_PACKAGE.zip.part_07	byte-preserving 250 MB split	whole_zip=1ea37d8321c44a018efc37694e21e2d8dacc4870224a540ea14b5609cbc2000e	LOCAL_PART_AND_REASSEMBLY_HASH_PASS	Concatenate 00 through 12 in numeric order; verify every part and the complete archive hash.
G11-Q10	Q10	Q10-HPC-PART-08-20261006	archive_part	Q10_HPC_HANDOFF_PACKAGE.zip.part_08	250000000	b0aab129d4f40117f42821407020ee863fa3b643859b9c69000447f40d54e704	https://github.com/donghaoxuan13818851792-code/no-three-in-line-colourings/releases/download/g11-handoff-20261006/Q10_HPC_HANDOFF_PACKAGE.zip.part_08	byte-preserving 250 MB split	whole_zip=1ea37d8321c44a018efc37694e21e2d8dacc4870224a540ea14b5609cbc2000e	LOCAL_PART_AND_REASSEMBLY_HASH_PASS	Concatenate 00 through 12 in numeric order; verify every part and the complete archive hash.
G11-Q10	Q10	Q10-HPC-PART-09-20261006	archive_part	Q10_HPC_HANDOFF_PACKAGE.zip.part_09	250000000	16caf66753d41075d496e837aac4ecf9ad3a2ecc789f252198a3b118a230816a	https://github.com/donghaoxuan13818851792-code/no-three-in-line-colourings/releases/download/g11-handoff-20261006/Q10_HPC_HANDOFF_PACKAGE.zip.part_09	byte-preserving 250 MB split	whole_zip=1ea37d8321c44a018efc37694e21e2d8dacc4870224a540ea14b5609cbc2000e	LOCAL_PART_AND_REASSEMBLY_HASH_PASS	Concatenate 00 through 12 in numeric order; verify every part and the complete archive hash.
G11-Q10	Q10	Q10-HPC-PART-10-20261006	archive_part	Q10_HPC_HANDOFF_PACKAGE.zip.part_10	250000000	3dc117eec7a83bb4618fd15392e6950ee09cd829dd2224d32ef282e7a6e6b208	https://github.com/donghaoxuan13818851792-code/no-three-in-line-colourings/releases/download/g11-handoff-20261006/Q10_HPC_HANDOFF_PACKAGE.zip.part_10	byte-preserving 250 MB split	whole_zip=1ea37d8321c44a018efc37694e21e2d8dacc4870224a540ea14b5609cbc2000e	LOCAL_PART_AND_REASSEMBLY_HASH_PASS	Concatenate 00 through 12 in numeric order; verify every part and the complete archive hash.
G11-Q10	Q10	Q10-HPC-PART-11-20261006	archive_part	Q10_HPC_HANDOFF_PACKAGE.zip.part_11	250000000	d4950276df125d4271600b88721ac4a293316972e88cc39369956fb19f13d101	https://github.com/donghaoxuan13818851792-code/no-three-in-line-colourings/releases/download/g11-handoff-20261006/Q10_HPC_HANDOFF_PACKAGE.zip.part_11	byte-preserving 250 MB split	whole_zip=1ea37d8321c44a018efc37694e21e2d8dacc4870224a540ea14b5609cbc2000e	LOCAL_PART_AND_REASSEMBLY_HASH_PASS	Concatenate 00 through 12 in numeric order; verify every part and the complete archive hash.
G11-Q10	Q10	Q10-HPC-PART-12-20261006	archive_part	Q10_HPC_HANDOFF_PACKAGE.zip.part_12	140960671	4882de50591269ca2904ef6d368f4c9b4fb640cd03c8e9ca3c6af67711c8a876	https://github.com/donghaoxuan13818851792-code/no-three-in-line-colourings/releases/download/g11-handoff-20261006/Q10_HPC_HANDOFF_PACKAGE.zip.part_12	byte-preserving 250 MB split	whole_zip=1ea37d8321c44a018efc37694e21e2d8dacc4870224a540ea14b5609cbc2000e	LOCAL_PART_AND_REASSEMBLY_HASH_PASS	Concatenate 00 through 12 in numeric order; verify every part and the complete archive hash.
