member	bytes	sha256
Q10_HPC_HANDOFF_PACKAGE/work/math_agent/nonextendible_structure/capset_join	78120	032b43a7c8a4ef3526ca1601b22ff5e7d70d00ca687a47d551547676c76ab098
Q10_HPC_HANDOFF_PACKAGE/work/math_agent/nonextendible_structure/rep17_join_shards/00.exit	3	5378796307535df3ec8d8b15a2e2dc5641419c3d3060cfe32238c0fa973f7aa3
Q10_HPC_HANDOFF_PACKAGE/work/math_agent/nonextendible_structure/rep17_join_shards/00.out	289	8dcc25e237cf4de801bfcc47baf14f25281272bfdd8d487816e78fe9feed4aa2
Q10_HPC_HANDOFF_PACKAGE/work/math_agent/nonextendible_structure/rep17_join_shards/00.time	777	caad502137bf8a2ea98872c9f25dc27128767d7882bdc7da4f169b31955667dc
Q10_HPC_HANDOFF_PACKAGE/work/math_agent/nonextendible_structure/rep17_join_shards/01.exit	3	5378796307535df3ec8d8b15a2e2dc5641419c3d3060cfe32238c0fa973f7aa3
Q10_HPC_HANDOFF_PACKAGE/work/math_agent/nonextendible_structure/rep17_join_shards/01.out	289	4f0ea3d92411f6363672f46330b5c7d6a4f2be68a0cacc237531de7087ce2ed5
Q10_HPC_HANDOFF_PACKAGE/work/math_agent/nonextendible_structure/rep17_join_shards/01.time	777	eacdcb50c666e2b887a1f8f28180e90227cd0e3787019c515569a4680f3c11fb
Q10_HPC_HANDOFF_PACKAGE/work/math_agent/nonextendible_structure/rep17_join_shards/02.exit	3	5378796307535df3ec8d8b15a2e2dc5641419c3d3060cfe32238c0fa973f7aa3
Q10_HPC_HANDOFF_PACKAGE/work/math_agent/nonextendible_structure/rep17_join_shards/02.out	289	e19f67e8f44b06fb3d1e1b25c774306637801f8a9acc538ba3b82261b9d7cba6
Q10_HPC_HANDOFF_PACKAGE/work/math_agent/nonextendible_structure/rep17_join_shards/02.time	777	674307f5c441a09b76d9096378ff7bb1acdccd0e9d4b9262be90448195cd9022
Q10_HPC_HANDOFF_PACKAGE/work/math_agent/nonextendible_structure/rep17_join_shards/03.exit	3	5378796307535df3ec8d8b15a2e2dc5641419c3d3060cfe32238c0fa973f7aa3
Q10_HPC_HANDOFF_PACKAGE/work/math_agent/nonextendible_structure/rep17_join_shards/03.out	293	3b87b4ac6059335db5e23a87f6df406b56cd25786a51d04d46755927ce2ef498
Q10_HPC_HANDOFF_PACKAGE/work/math_agent/nonextendible_structure/rep17_join_shards/03.time	777	3704f7fbf91289193f6cdb5feead74b2296730042504ada05b792092c59c2459
Q10_HPC_HANDOFF_PACKAGE/work/math_agent/nonextendible_structure/rep17_join_shards/04.exit	3	5378796307535df3ec8d8b15a2e2dc5641419c3d3060cfe32238c0fa973f7aa3
Q10_HPC_HANDOFF_PACKAGE/work/math_agent/nonextendible_structure/rep17_join_shards/04.out	293	66ab7690a7ac9f513917dcfa355df034167363714f0027aad39c7fc4a5da40a5
Q10_HPC_HANDOFF_PACKAGE/work/math_agent/nonextendible_structure/rep17_join_shards/04.time	777	0d96cdd9174c5e348c9e7a27c1897e81379d53cc8e92fd4ef7845898372f993d
Q10_HPC_HANDOFF_PACKAGE/work/math_agent/nonextendible_structure/rep17_join_shards/05.exit	3	5378796307535df3ec8d8b15a2e2dc5641419c3d3060cfe32238c0fa973f7aa3
Q10_HPC_HANDOFF_PACKAGE/work/math_agent/nonextendible_structure/rep17_join_shards/05.out	293	0230a78848e86bb2085c190988ae1f0a08ba2e5092db5409412aec631080ef19
Q10_HPC_HANDOFF_PACKAGE/work/math_agent/nonextendible_structure/rep17_join_shards/05.time	777	4597a53e5329fde150391335bbaf1e271f22a1c7a22a6f54b96497c7d6d20788
Q10_HPC_HANDOFF_PACKAGE/work/math_agent/nonextendible_structure/rep17_join_shards/06.exit	3	5378796307535df3ec8d8b15a2e2dc5641419c3d3060cfe32238c0fa973f7aa3
Q10_HPC_HANDOFF_PACKAGE/work/math_agent/nonextendible_structure/rep17_join_shards/06.out	293	e234c2b4c9c4e6f753b12e0713355c426d96ef78592aa8c350807a0520c32c01
Q10_HPC_HANDOFF_PACKAGE/work/math_agent/nonextendible_structure/rep17_join_shards/06.time	777	6dcddb947550666c2e8b8a9db99b5547cef855110ec2cc3894cbe91d5acbe97c
Q10_HPC_HANDOFF_PACKAGE/work/math_agent/nonextendible_structure/rep17_join_shards/07.exit	3	5378796307535df3ec8d8b15a2e2dc5641419c3d3060cfe32238c0fa973f7aa3
Q10_HPC_HANDOFF_PACKAGE/work/math_agent/nonextendible_structure/rep17_join_shards/07.out	289	46f17bcd3863495060be7333cd0a5311a1be966707e760b5f842c256590acc8f
Q10_HPC_HANDOFF_PACKAGE/work/math_agent/nonextendible_structure/rep17_join_shards/07.time	777	5c1ea831531a51bb6affbef4dd99c9c2aacc4ccbc0cb1b3f123d0f3b38424445
Q10_HPC_HANDOFF_PACKAGE/work/math_agent/nonextendible_structure/rep17_join_shards/08.exit	3	5378796307535df3ec8d8b15a2e2dc5641419c3d3060cfe32238c0fa973f7aa3
Q10_HPC_HANDOFF_PACKAGE/work/math_agent/nonextendible_structure/rep17_join_shards/08.out	289	0bedbad681aeb92e7fe938f9490868faba10a02f1bd6eb05188b45ace25a04de
Q10_HPC_HANDOFF_PACKAGE/work/math_agent/nonextendible_structure/rep17_join_shards/08.time	777	77fc46d187111221298dcbe66943ec6a6dc611efd79a8ea018fe8fc938fa9e83
Q10_HPC_HANDOFF_PACKAGE/work/math_agent/nonextendible_structure/rep17_join_shards/09.exit	3	5378796307535df3ec8d8b15a2e2dc5641419c3d3060cfe32238c0fa973f7aa3
Q10_HPC_HANDOFF_PACKAGE/work/math_agent/nonextendible_structure/rep17_join_shards/09.out	289	3db42d240e43dbd7054aa729fade149c53736c8efcd56bfeff9b13bbfa1691d7
Q10_HPC_HANDOFF_PACKAGE/work/math_agent/nonextendible_structure/rep17_join_shards/09.time	777	9c2d571906840d9b80fdddce01183f9d0e8292cf1ca38f02450afc45cdbbe7c0
Q10_HPC_HANDOFF_PACKAGE/work/math_agent/nonextendible_structure/rep17_join_shards/10.exit	3	5378796307535df3ec8d8b15a2e2dc5641419c3d3060cfe32238c0fa973f7aa3
Q10_HPC_HANDOFF_PACKAGE/work/math_agent/nonextendible_structure/rep17_join_shards/10.out	290	61e49f62678e334152d55ca636a736e19a6148224a95fb1242bd5cf5a13ec8b0
Q10_HPC_HANDOFF_PACKAGE/work/math_agent/nonextendible_structure/rep17_join_shards/10.time	777	acb1272131af6450b44dd258a577bb3cd8c92ffd9df32d58e454463b0049a538
Q10_HPC_HANDOFF_PACKAGE/work/math_agent/nonextendible_structure/rep17_join_shards/11.exit	3	5378796307535df3ec8d8b15a2e2dc5641419c3d3060cfe32238c0fa973f7aa3
Q10_HPC_HANDOFF_PACKAGE/work/math_agent/nonextendible_structure/rep17_join_shards/11.out	290	452153bc5dc21a4d77307c72c369885e9d47d1622eefa831c9de68a926c3b892
Q10_HPC_HANDOFF_PACKAGE/work/math_agent/nonextendible_structure/rep17_join_shards/11.time	777	19d8e391e74c0ae5075faca4ab919102f3a04334ffc3a914204e20ba180a9d6a
Q10_HPC_HANDOFF_PACKAGE/work/math_agent/nonextendible_structure/rep17_join_shards/12.exit	3	5378796307535df3ec8d8b15a2e2dc5641419c3d3060cfe32238c0fa973f7aa3
Q10_HPC_HANDOFF_PACKAGE/work/math_agent/nonextendible_structure/rep17_join_shards/12.out	294	3eb8eebed51f52d5be4f23377264e1de8fcd475017c27d285adb4186eb30b2c7
Q10_HPC_HANDOFF_PACKAGE/work/math_agent/nonextendible_structure/rep17_join_shards/12.time	777	0b9f6038352fb0628728d25e8c49fec79bd3eaf2b51bbe8ea3bfd7428ccc2e16
Q10_HPC_HANDOFF_PACKAGE/work/math_agent/nonextendible_structure/rep17_join_shards/13.exit	3	5378796307535df3ec8d8b15a2e2dc5641419c3d3060cfe32238c0fa973f7aa3
Q10_HPC_HANDOFF_PACKAGE/work/math_agent/nonextendible_structure/rep17_join_shards/13.out	292	1d22cd885d6ce58084addfb206625e0343023c46cda51a90286700c5ce708b80
Q10_HPC_HANDOFF_PACKAGE/work/math_agent/nonextendible_structure/rep17_join_shards/13.time	777	191ba45751d983b81b25a5c547107db77a607088ca0c46e941dae56081160845
Q10_HPC_HANDOFF_PACKAGE/work/math_agent/nonextendible_structure/rep17_join_shards/14.exit	3	5378796307535df3ec8d8b15a2e2dc5641419c3d3060cfe32238c0fa973f7aa3
Q10_HPC_HANDOFF_PACKAGE/work/math_agent/nonextendible_structure/rep17_join_shards/14.out	294	2eaaf2402b1376f7cbf6534cea7531b20abe77dfc3ceb41e99d1fad70bfd42ec
Q10_HPC_HANDOFF_PACKAGE/work/math_agent/nonextendible_structure/rep17_join_shards/14.time	777	e216727824f63c84ebd824c0fa6d0289b75208a7031adf2c481685690a953d57
Q10_HPC_HANDOFF_PACKAGE/work/math_agent/nonextendible_structure/rep17_join_shards/15.exit	3	5378796307535df3ec8d8b15a2e2dc5641419c3d3060cfe32238c0fa973f7aa3
Q10_HPC_HANDOFF_PACKAGE/work/math_agent/nonextendible_structure/rep17_join_shards/15.out	289	f56ceb9c42bb98ce705a732c557891e6a74d9d2bd4011c3396329431ffeec6d3
Q10_HPC_HANDOFF_PACKAGE/work/math_agent/nonextendible_structure/rep17_join_shards/15.time	777	43217ffcaaf2a9b2edce04e78027c5ef47b1a2dc94d439c2adea56f02cab696f
Q10_HPC_HANDOFF_PACKAGE/work/math_agent/nonextendible_structure/rep17_join_shards/16.exit	3	5378796307535df3ec8d8b15a2e2dc5641419c3d3060cfe32238c0fa973f7aa3
Q10_HPC_HANDOFF_PACKAGE/work/math_agent/nonextendible_structure/rep17_join_shards/16.out	288	ad76d5b7160a3a67a62b4de2b510a9f05e8ff6d3974ce09950887fffafe6f693
Q10_HPC_HANDOFF_PACKAGE/work/math_agent/nonextendible_structure/rep17_join_shards/16.time	777	f482af86a07d59af286a7c3580d986e5ef4eac6b0d5a3de50a4f6f54f1cb3e68
Q10_HPC_HANDOFF_PACKAGE/work/math_agent/nonextendible_structure/rep17_join_shards/17.exit	3	5378796307535df3ec8d8b15a2e2dc5641419c3d3060cfe32238c0fa973f7aa3
Q10_HPC_HANDOFF_PACKAGE/work/math_agent/nonextendible_structure/rep17_join_shards/17.out	290	92ee94d2f693401337620053885ea7e0e332cadb95e110751e28ebc9382cdbd3
Q10_HPC_HANDOFF_PACKAGE/work/math_agent/nonextendible_structure/rep17_join_shards/17.time	777	9a3ab0007b23666851331b306a5a4592c37aeb8335154724c9d8c7f71e789f7a
Q10_HPC_HANDOFF_PACKAGE/work/math_agent/nonextendible_structure/rep17_join_shards/18.exit	3	5378796307535df3ec8d8b15a2e2dc5641419c3d3060cfe32238c0fa973f7aa3
Q10_HPC_HANDOFF_PACKAGE/work/math_agent/nonextendible_structure/rep17_join_shards/18.out	290	64f3c41859d5a2973c640d7e5e2a58889eeaebabfa1120e84781802d78c83f39
Q10_HPC_HANDOFF_PACKAGE/work/math_agent/nonextendible_structure/rep17_join_shards/18.time	777	1064aab828f1c4ada49fa38f8bd18de64341a60b0a4c95455bb47e7a5c3cc8bc
Q10_HPC_HANDOFF_PACKAGE/work/math_agent/nonextendible_structure/rep17_join_shards/19.exit	3	5378796307535df3ec8d8b15a2e2dc5641419c3d3060cfe32238c0fa973f7aa3
Q10_HPC_HANDOFF_PACKAGE/work/math_agent/nonextendible_structure/rep17_join_shards/19.out	291	41cf647d2142f25eaa9faad91fb71a1d4bf6670489808281593289b6acc431fb
Q10_HPC_HANDOFF_PACKAGE/work/math_agent/nonextendible_structure/rep17_join_shards/19.time	777	b635d790e84af52ace5a0a9fe1385b69e64c56418045fa53baa6ff12aaf56368
Q10_HPC_HANDOFF_PACKAGE/work/math_agent/nonextendible_structure/rep17_join_shards/20.exit	3	5378796307535df3ec8d8b15a2e2dc5641419c3d3060cfe32238c0fa973f7aa3
Q10_HPC_HANDOFF_PACKAGE/work/math_agent/nonextendible_structure/rep17_join_shards/20.out	294	a8ceb5e0469f4fb9e6d7f65e3a09e1bb848dc88c13ee897f7a3566bb17846d38
Q10_HPC_HANDOFF_PACKAGE/work/math_agent/nonextendible_structure/rep17_join_shards/20.time	777	f40d7f18266e3539c062ae7a6adb3c62e6baa35b87cc7de0012aa83bc848ee8b
Q10_HPC_HANDOFF_PACKAGE/work/math_agent/nonextendible_structure/rep17_join_shards/21.exit	3	5378796307535df3ec8d8b15a2e2dc5641419c3d3060cfe32238c0fa973f7aa3
Q10_HPC_HANDOFF_PACKAGE/work/math_agent/nonextendible_structure/rep17_join_shards/21.out	294	992352d3deb4382aced1c2ba45abc0345a383e8e49ca7f7c093528500daeb7d1
Q10_HPC_HANDOFF_PACKAGE/work/math_agent/nonextendible_structure/rep17_join_shards/21.time	777	adcb59e1862f8ddb7d334bf513efc33b2404cab08eed6f21f0d0c813be9bdbfd
Q10_HPC_HANDOFF_PACKAGE/work/math_agent/nonextendible_structure/rep17_join_shards/22.exit	3	5378796307535df3ec8d8b15a2e2dc5641419c3d3060cfe32238c0fa973f7aa3
Q10_HPC_HANDOFF_PACKAGE/work/math_agent/nonextendible_structure/rep17_join_shards/22.out	294	9557797df98bd2ca30f9b4fe6b6c455d13f3256288871aff3a486631d2d96f7f
Q10_HPC_HANDOFF_PACKAGE/work/math_agent/nonextendible_structure/rep17_join_shards/22.time	777	b24d124646e64925ab897e6926ed61f6bc3330d7ebeb72e76d39f3b65af3d20b
Q10_HPC_HANDOFF_PACKAGE/work/math_agent/nonextendible_structure/rep17_join_shards/23.exit	3	5378796307535df3ec8d8b15a2e2dc5641419c3d3060cfe32238c0fa973f7aa3
Q10_HPC_HANDOFF_PACKAGE/work/math_agent/nonextendible_structure/rep17_join_shards/23.out	294	8b877ae5c704dc4d134984f2198f5190d75a8e0157182e793a1a48ce663dd9f3
Q10_HPC_HANDOFF_PACKAGE/work/math_agent/nonextendible_structure/rep17_join_shards/23.time	777	44daf2f17ae5eaabda4573d4709d028038cd7caee6cdecd2b32115eeba17d3cb
Q10_HPC_HANDOFF_PACKAGE/work/math_agent/nonextendible_structure/rep17_join_shards/24.exit	3	5378796307535df3ec8d8b15a2e2dc5641419c3d3060cfe32238c0fa973f7aa3
Q10_HPC_HANDOFF_PACKAGE/work/math_agent/nonextendible_structure/rep17_join_shards/24.out	289	c868e74f4b79c44606cbd1d4af02407590650e295dff55053d68c54a124bc184
Q10_HPC_HANDOFF_PACKAGE/work/math_agent/nonextendible_structure/rep17_join_shards/24.time	777	a42e0a9abde6bc49ec8fc719642630bec207c8e1df07fa4647f1f1dee3b440cf
Q10_HPC_HANDOFF_PACKAGE/work/math_agent/nonextendible_structure/rep17_join_shards/25.exit	3	5378796307535df3ec8d8b15a2e2dc5641419c3d3060cfe32238c0fa973f7aa3
Q10_HPC_HANDOFF_PACKAGE/work/math_agent/nonextendible_structure/rep17_join_shards/25.out	290	9f18e320787361d8765477de2cc2aa9d3622d07fde1d041e70e55ea7a2934652
Q10_HPC_HANDOFF_PACKAGE/work/math_agent/nonextendible_structure/rep17_join_shards/25.time	777	df83a20b0e13147bb4dc2abdf7d4f22b0aa6eb712a1fe816cc8ad5102e937711
Q10_HPC_HANDOFF_PACKAGE/work/math_agent/nonextendible_structure/rep17_join_shards/26.exit	3	5378796307535df3ec8d8b15a2e2dc5641419c3d3060cfe32238c0fa973f7aa3
Q10_HPC_HANDOFF_PACKAGE/work/math_agent/nonextendible_structure/rep17_join_shards/26.out	290	7b9b77e63573422f0c094bae491ec6483a3b25f9c40d1b954bbf9ff6378178a7
Q10_HPC_HANDOFF_PACKAGE/work/math_agent/nonextendible_structure/rep17_join_shards/26.time	777	a13e3a32049fd1eea6c845ed65d09a2fd7930aeed9ea11ac6b0a44cea2f960b3
Q10_HPC_HANDOFF_PACKAGE/work/math_agent/nonextendible_structure/rep17_join_shards/27.exit	3	5378796307535df3ec8d8b15a2e2dc5641419c3d3060cfe32238c0fa973f7aa3
Q10_HPC_HANDOFF_PACKAGE/work/math_agent/nonextendible_structure/rep17_join_shards/27.out	294	64cbe6ef73378f57510564f6153e34f67b1b1586ad0ecc02371373d1a29cd252
Q10_HPC_HANDOFF_PACKAGE/work/math_agent/nonextendible_structure/rep17_join_shards/27.time	777	e3854921b22e76a27e5c7d09123a27a4116ed2acb6929323252d23618049b432
Q10_HPC_HANDOFF_PACKAGE/work/math_agent/nonextendible_structure/rep17_join_shards/28.exit	3	5378796307535df3ec8d8b15a2e2dc5641419c3d3060cfe32238c0fa973f7aa3
Q10_HPC_HANDOFF_PACKAGE/work/math_agent/nonextendible_structure/rep17_join_shards/28.out	291	24856ff1d3a87749854530cb252b9e9b80165ab0ccafe04427479502edfd5be2
Q10_HPC_HANDOFF_PACKAGE/work/math_agent/nonextendible_structure/rep17_join_shards/28.time	777	746e4262886c69c3ac8382398d6e95005e8dec6e36e14a957fd1c05f951900f9
Q10_HPC_HANDOFF_PACKAGE/work/math_agent/nonextendible_structure/rep17_join_shards/29.exit	3	5378796307535df3ec8d8b15a2e2dc5641419c3d3060cfe32238c0fa973f7aa3
Q10_HPC_HANDOFF_PACKAGE/work/math_agent/nonextendible_structure/rep17_join_shards/29.out	294	7c2023f21cf008f94f09e87eb2f96f362478bdb290dd2eebbb99029528e57882
Q10_HPC_HANDOFF_PACKAGE/work/math_agent/nonextendible_structure/rep17_join_shards/29.time	777	6625749127492f2448992f80c02454b834658f9d2ed931b26b2ac076326ba0b8
Q10_HPC_HANDOFF_PACKAGE/work/math_agent/nonextendible_structure/rep17_join_shards/30.exit	3	5378796307535df3ec8d8b15a2e2dc5641419c3d3060cfe32238c0fa973f7aa3
Q10_HPC_HANDOFF_PACKAGE/work/math_agent/nonextendible_structure/rep17_join_shards/30.out	292	71affa9d76546d5e81739418fb6caed92c2c5d6a9879b7a0e5446ba834275d4a
Q10_HPC_HANDOFF_PACKAGE/work/math_agent/nonextendible_structure/rep17_join_shards/30.time	777	8a7ef02a7fc1a879885105fe696658db1e3b0869675945c5db43f056c0ebe14e
Q10_HPC_HANDOFF_PACKAGE/work/math_agent/nonextendible_structure/rep17_join_shards/31.exit	3	5378796307535df3ec8d8b15a2e2dc5641419c3d3060cfe32238c0fa973f7aa3
Q10_HPC_HANDOFF_PACKAGE/work/math_agent/nonextendible_structure/rep17_join_shards/31.out	292	0dd2eb8fe60a346254948338e88e88f6bb034bccf093878144621b3a0950fda9
Q10_HPC_HANDOFF_PACKAGE/work/math_agent/nonextendible_structure/rep17_join_shards/31.time	777	afbc8ebe1075880d773b7158cfc10ff99ce9f6022ba65484513a032877895c67
Q10_HPC_HANDOFF_PACKAGE/work/math_agent/nonextendible_structure/rep17_join_shards/32.exit	3	5378796307535df3ec8d8b15a2e2dc5641419c3d3060cfe32238c0fa973f7aa3
Q10_HPC_HANDOFF_PACKAGE/work/math_agent/nonextendible_structure/rep17_join_shards/32.out	288	aec1ee70d6d7cd2930ec6f18dac5d2a27e611c115f8df752565bf1c29794618e
Q10_HPC_HANDOFF_PACKAGE/work/math_agent/nonextendible_structure/rep17_join_shards/32.time	777	a9bb1765e30e1fcbc55f1aee1bddb840d715378538c37999a0bbccaa87a78a86
Q10_HPC_HANDOFF_PACKAGE/work/math_agent/nonextendible_structure/rep17_join_shards/33.exit	3	5378796307535df3ec8d8b15a2e2dc5641419c3d3060cfe32238c0fa973f7aa3
Q10_HPC_HANDOFF_PACKAGE/work/math_agent/nonextendible_structure/rep17_join_shards/33.out	288	b257c02e2b1bca6322cdeb693dd4736a99d0f39b053ac8d40df0c5eaeb9b4f6f
Q10_HPC_HANDOFF_PACKAGE/work/math_agent/nonextendible_structure/rep17_join_shards/33.time	777	c5cd06a07b97ccc00ee491c415a577061dcb351ad8ffd5c06ac92f9933940c54
Q10_HPC_HANDOFF_PACKAGE/work/math_agent/nonextendible_structure/rep17_join_shards/34.exit	3	5378796307535df3ec8d8b15a2e2dc5641419c3d3060cfe32238c0fa973f7aa3
Q10_HPC_HANDOFF_PACKAGE/work/math_agent/nonextendible_structure/rep17_join_shards/34.out	292	66db4609211467ba88da320c0905e50fd42f0da707e6288bebf88be4e49b2e12
Q10_HPC_HANDOFF_PACKAGE/work/math_agent/nonextendible_structure/rep17_join_shards/34.time	777	ac76f4822c2c33b4a9903f978befb4efea786675c81181a8c098d7583c1e7523
Q10_HPC_HANDOFF_PACKAGE/work/math_agent/nonextendible_structure/rep17_join_shards/35.exit	3	5378796307535df3ec8d8b15a2e2dc5641419c3d3060cfe32238c0fa973f7aa3
Q10_HPC_HANDOFF_PACKAGE/work/math_agent/nonextendible_structure/rep17_join_shards/35.out	292	a36c3d85920c576f0ad81e5e13645b192c0ecc1c3d51b5b211557b0a95591b53
Q10_HPC_HANDOFF_PACKAGE/work/math_agent/nonextendible_structure/rep17_join_shards/35.time	777	08d87d963555bc890f34de776e224f193b7b78acf769e3b62c8218b87f4f4433
Q10_HPC_HANDOFF_PACKAGE/work/math_agent/nonextendible_structure/rep17_join_shards/36.exit	3	5378796307535df3ec8d8b15a2e2dc5641419c3d3060cfe32238c0fa973f7aa3
Q10_HPC_HANDOFF_PACKAGE/work/math_agent/nonextendible_structure/rep17_join_shards/36.out	290	b10aac7280d4ca2ac4b7f9bac96d7b4302d39f0d129ad7ff0e66a016ea7924dc
Q10_HPC_HANDOFF_PACKAGE/work/math_agent/nonextendible_structure/rep17_join_shards/36.time	777	168c92e9663bb945446d35952d02ac3c3e76b43f4328ebf12f1f8a31f1c50cb1
Q10_HPC_HANDOFF_PACKAGE/work/math_agent/nonextendible_structure/rep17_join_shards/37.exit	3	5378796307535df3ec8d8b15a2e2dc5641419c3d3060cfe32238c0fa973f7aa3
Q10_HPC_HANDOFF_PACKAGE/work/math_agent/nonextendible_structure/rep17_join_shards/37.out	290	bfa3c71bfc3c348bcc3eb94b799b52bdd2b63d3167adcd8bac0b0bd518f3d9ea
Q10_HPC_HANDOFF_PACKAGE/work/math_agent/nonextendible_structure/rep17_join_shards/37.time	777	d9edbf11a650fae48f6eb78997a04d939101540e195d281e3b06fef5f1068dac
Q10_HPC_HANDOFF_PACKAGE/work/math_agent/nonextendible_structure/rep17_join_shards/38.exit	3	5378796307535df3ec8d8b15a2e2dc5641419c3d3060cfe32238c0fa973f7aa3
Q10_HPC_HANDOFF_PACKAGE/work/math_agent/nonextendible_structure/rep17_join_shards/38.out	290	9df0d4ae1b4d5e7996ff9da583dee16b62255e051ab8c7e5834e8555697bc5fe
Q10_HPC_HANDOFF_PACKAGE/work/math_agent/nonextendible_structure/rep17_join_shards/38.time	777	0804570aa640b7f6dc440403533933671151a258a255140395b95112a1bc6000
Q10_HPC_HANDOFF_PACKAGE/work/math_agent/nonextendible_structure/rep17_join_shards/39.exit	3	5378796307535df3ec8d8b15a2e2dc5641419c3d3060cfe32238c0fa973f7aa3
Q10_HPC_HANDOFF_PACKAGE/work/math_agent/nonextendible_structure/rep17_join_shards/39.out	290	bf2c46896c8b11b1e78dd723436341b343704e10c6a430702a97f588f6fee40e
Q10_HPC_HANDOFF_PACKAGE/work/math_agent/nonextendible_structure/rep17_join_shards/39.time	777	5f463f3f00b79bb7081b0790562d62c1ddbfae9cacb519b25e8978c9e39649b1
Q10_HPC_HANDOFF_PACKAGE/work/math_agent/nonextendible_structure/rep17_join_shards/40.exit	3	5378796307535df3ec8d8b15a2e2dc5641419c3d3060cfe32238c0fa973f7aa3
Q10_HPC_HANDOFF_PACKAGE/work/math_agent/nonextendible_structure/rep17_join_shards/40.out	288	a6227a8fcc6475195c9a1abd66968b1f759552ecc3925cbc906773d5a298fbc3
Q10_HPC_HANDOFF_PACKAGE/work/math_agent/nonextendible_structure/rep17_join_shards/40.time	777	87bfacbfc66ce4399b0307ef74a77063cbc5fba50424541d25bffc357e9572e4
Q10_HPC_HANDOFF_PACKAGE/work/math_agent/nonextendible_structure/rep17_join_shards/41.exit	3	5378796307535df3ec8d8b15a2e2dc5641419c3d3060cfe32238c0fa973f7aa3
Q10_HPC_HANDOFF_PACKAGE/work/math_agent/nonextendible_structure/rep17_join_shards/41.out	288	0f7a53034b3fcd3c3b9573dc7da7fd8e38a7c34916e6c543837ad2acc151a2cf
Q10_HPC_HANDOFF_PACKAGE/work/math_agent/nonextendible_structure/rep17_join_shards/41.time	777	e4f2326e61342dd4160d0c6e4ee297d0eb51ce0ed1ad39a41d2ce4462ba88b7b
Q10_HPC_HANDOFF_PACKAGE/work/math_agent/nonextendible_structure/rep17_join_shards/42.exit	3	5378796307535df3ec8d8b15a2e2dc5641419c3d3060cfe32238c0fa973f7aa3
Q10_HPC_HANDOFF_PACKAGE/work/math_agent/nonextendible_structure/rep17_join_shards/42.out	288	0f44469ef4cc92b89eafcf8803a7df8a7565e1f344826b85750e761c52942489
Q10_HPC_HANDOFF_PACKAGE/work/math_agent/nonextendible_structure/rep17_join_shards/42.time	777	8706ee7da6c6a36ed0d16f2f7fdbb1a4d727b85d5b9739bea13667981148f6ed
Q10_HPC_HANDOFF_PACKAGE/work/math_agent/nonextendible_structure/rep17_join_shards/43.exit	3	5378796307535df3ec8d8b15a2e2dc5641419c3d3060cfe32238c0fa973f7aa3
Q10_HPC_HANDOFF_PACKAGE/work/math_agent/nonextendible_structure/rep17_join_shards/43.out	288	65e44280e5ac2c5ee544e64344b295186ef64bf096d5fd75c94e6e611d281c91
Q10_HPC_HANDOFF_PACKAGE/work/math_agent/nonextendible_structure/rep17_join_shards/43.time	777	d12c01712c5cab1bc22355369339cb37088ee1fd130a6a3b1b53983056b79fe4
Q10_HPC_HANDOFF_PACKAGE/work/math_agent/nonextendible_structure/rep17_join_shards/44.exit	3	5378796307535df3ec8d8b15a2e2dc5641419c3d3060cfe32238c0fa973f7aa3
Q10_HPC_HANDOFF_PACKAGE/work/math_agent/nonextendible_structure/rep17_join_shards/44.out	288	40c91180f161327d793154cce2fc821dba16a49e1d4c29f8c68726ba31c92799
Q10_HPC_HANDOFF_PACKAGE/work/math_agent/nonextendible_structure/rep17_join_shards/44.time	777	3cf4cfd675a3d36fd56a498664f40928ee41e24d6ba4804ab0985f1b268ba37c
Q10_HPC_HANDOFF_PACKAGE/work/math_agent/nonextendible_structure/rep17_join_shards/45.exit	3	5378796307535df3ec8d8b15a2e2dc5641419c3d3060cfe32238c0fa973f7aa3
Q10_HPC_HANDOFF_PACKAGE/work/math_agent/nonextendible_structure/rep17_join_shards/45.out	280	1e6b9df4f8fef0a5c3d7bf30c07750417d2540de4d4ffc0e3d290d5059a92b5b
Q10_HPC_HANDOFF_PACKAGE/work/math_agent/nonextendible_structure/rep17_join_shards/45.time	777	c477ca4baa7b8b40c3108b40e51b8bc3b4c238894b037d25bd34a169ad93c8a1
Q10_HPC_HANDOFF_PACKAGE/work/math_agent/nonextendible_structure/rep17_join_shards/46.exit	3	5378796307535df3ec8d8b15a2e2dc5641419c3d3060cfe32238c0fa973f7aa3
Q10_HPC_HANDOFF_PACKAGE/work/math_agent/nonextendible_structure/rep17_join_shards/46.out	280	9cc4bd41f624646c2a6aec3cf6a2e0da1b584d1022c92491025216ec17f6d716
Q10_HPC_HANDOFF_PACKAGE/work/math_agent/nonextendible_structure/rep17_join_shards/46.time	777	f7406548452188e64817e0e9f3484cbd6a4531e5c2d0080591a92011b7051a66
Q10_HPC_HANDOFF_PACKAGE/work/math_agent/nonextendible_structure/rep17_join_shards/47.exit	3	5378796307535df3ec8d8b15a2e2dc5641419c3d3060cfe32238c0fa973f7aa3
Q10_HPC_HANDOFF_PACKAGE/work/math_agent/nonextendible_structure/rep17_join_shards/47.out	280	f15a6ecd88420c068307c3108453a4a41315e64f8cf308aa287657159ba3bf21
Q10_HPC_HANDOFF_PACKAGE/work/math_agent/nonextendible_structure/rep17_join_shards/47.time	777	bc0f442c0cbdf295d522c5e201c8e4b9bf8e9c91dfca6c957fd5f34e93743420
Q10_HPC_HANDOFF_PACKAGE/work/math_agent/nonextendible_structure/rep17_join_shards/48.exit	3	5378796307535df3ec8d8b15a2e2dc5641419c3d3060cfe32238c0fa973f7aa3
Q10_HPC_HANDOFF_PACKAGE/work/math_agent/nonextendible_structure/rep17_join_shards/48.out	280	83cb231a0bf2ac69187d77d54b4b9cf5eadee1cdf611259bd398ddc4059ed840
Q10_HPC_HANDOFF_PACKAGE/work/math_agent/nonextendible_structure/rep17_join_shards/48.time	777	2b80148f6fb4b7d82256ead9f146b5f086ad9f42fe04f7b17fc1731e23097130
Q10_HPC_HANDOFF_PACKAGE/work/math_agent/nonextendible_structure/rep17_join_shards/49.exit	3	5378796307535df3ec8d8b15a2e2dc5641419c3d3060cfe32238c0fa973f7aa3
Q10_HPC_HANDOFF_PACKAGE/work/math_agent/nonextendible_structure/rep17_join_shards/49.out	279	4400d6446269109c6a08bee05825188d75831ca733b7a7cad2a2b97bdf7f0f2a
Q10_HPC_HANDOFF_PACKAGE/work/math_agent/nonextendible_structure/rep17_join_shards/49.time	777	470a016f45810c1e3a733a8d0f307ebcad7eb72479651ec8c9d48ef729759ede
Q10_HPC_HANDOFF_PACKAGE/work/math_agent/nonextendible_structure/rep17_join_shards/50.exit	3	5378796307535df3ec8d8b15a2e2dc5641419c3d3060cfe32238c0fa973f7aa3
Q10_HPC_HANDOFF_PACKAGE/work/math_agent/nonextendible_structure/rep17_join_shards/50.out	277	f57d7533cdfd831a4cbaeed2e302b77058a4867f2116ec179a3121a3c7bec390
Q10_HPC_HANDOFF_PACKAGE/work/math_agent/nonextendible_structure/rep17_join_shards/50.time	777	3e6e6dc3c1ec8e9bfdf93a7f40914ff5bc1cf0f6fd67807ea8292cf6c59d8a60
Q10_HPC_HANDOFF_PACKAGE/work/math_agent/nonextendible_structure/rep17_join_shards/51.exit	3	5378796307535df3ec8d8b15a2e2dc5641419c3d3060cfe32238c0fa973f7aa3
Q10_HPC_HANDOFF_PACKAGE/work/math_agent/nonextendible_structure/rep17_join_shards/51.out	277	5368a5b8975ef12762cbec2fe4d62e314787556ec5068c32cda7dd97d81d1b37
Q10_HPC_HANDOFF_PACKAGE/work/math_agent/nonextendible_structure/rep17_join_shards/51.time	777	6977d3e1dd953594d97104e3cb2585ec5ad6e23246a248db16a7e44e40c19d7a
Q10_HPC_HANDOFF_PACKAGE/work/math_agent/nonextendible_structure/rep17_join_shards/52.exit	3	5378796307535df3ec8d8b15a2e2dc5641419c3d3060cfe32238c0fa973f7aa3
Q10_HPC_HANDOFF_PACKAGE/work/math_agent/nonextendible_structure/rep17_join_shards/52.out	269	09af4103864f7a05a85769451de04755e684fe75af9b4fd33a2d1bfde4a18759
Q10_HPC_HANDOFF_PACKAGE/work/math_agent/nonextendible_structure/rep17_join_shards/52.time	777	9b6927088eea2005bc9852def18c1c2b39fb29a42bdf75fdc4a385474d82678f
Q10_HPC_HANDOFF_PACKAGE/work/math_agent/nonextendible_structure/rep17_join_shards/53.exit	3	5378796307535df3ec8d8b15a2e2dc5641419c3d3060cfe32238c0fa973f7aa3
Q10_HPC_HANDOFF_PACKAGE/work/math_agent/nonextendible_structure/rep17_join_shards/53.out	269	15dbaf403d96a24006c0869c11e9dd5cc96380e1a51e44084e75c87e1490156a
Q10_HPC_HANDOFF_PACKAGE/work/math_agent/nonextendible_structure/rep17_join_shards/53.time	777	98de5fc9c17fb5aaa9f395c00c357ca82a741467112c3a92676c452249375ebc
Q10_HPC_HANDOFF_PACKAGE/work/math_agent/nonextendible_structure/rep17_join_shards/54.exit	3	5378796307535df3ec8d8b15a2e2dc5641419c3d3060cfe32238c0fa973f7aa3
Q10_HPC_HANDOFF_PACKAGE/work/math_agent/nonextendible_structure/rep17_join_shards/54.out	270	a48489a2c4a1724cac737d9fb2a51c699fccdda62a186b1ac7b4c64258b0822d
Q10_HPC_HANDOFF_PACKAGE/work/math_agent/nonextendible_structure/rep17_join_shards/54.time	777	b78b5098121af1e16465d22dab5846a2a3f979fa8576d1c0be11babcd8299e87
Q10_HPC_HANDOFF_PACKAGE/work/math_agent/nonextendible_structure/rep17_join_shards/audit.json	43001	1a1e53961999d341f77124f0bb6004bb497c52f49a742f93b9da549516aa451b
Q10_HPC_HANDOFF_PACKAGE/work/math_agent/nonextendible_structure/rep17_join_shards/run.meta	535	d683efb84502d511d4b006bb21d16cc246f28739600f88f6674aeecad27a78c6
Q10_HPC_HANDOFF_PACKAGE/work/math_agent/nonextendible_structure/rep76_join_shards/00.exit	3	5378796307535df3ec8d8b15a2e2dc5641419c3d3060cfe32238c0fa973f7aa3
Q10_HPC_HANDOFF_PACKAGE/work/math_agent/nonextendible_structure/rep76_join_shards/00.out	282	3aa8b58de29c275c9a2a0111ce289116904fb2f0bc700e7082879090f2052d8b
Q10_HPC_HANDOFF_PACKAGE/work/math_agent/nonextendible_structure/rep76_join_shards/00.time	777	7bfb520fe9c9cc84d4ca40a295d3016ab4bb5cafdcda43f2febb7a0b6e18caac
Q10_HPC_HANDOFF_PACKAGE/work/math_agent/nonextendible_structure/rep76_join_shards/01.exit	3	5378796307535df3ec8d8b15a2e2dc5641419c3d3060cfe32238c0fa973f7aa3
Q10_HPC_HANDOFF_PACKAGE/work/math_agent/nonextendible_structure/rep76_join_shards/01.out	282	055d19c7baf9102e930b24c2140dc5eb2f2675017f9d6e45cb1d33c0ccad6746
Q10_HPC_HANDOFF_PACKAGE/work/math_agent/nonextendible_structure/rep76_join_shards/01.time	777	480ac48652a8c01390d2cd28f56d14bb63561842aac0f74f540db8117f3856ce
Q10_HPC_HANDOFF_PACKAGE/work/math_agent/nonextendible_structure/rep76_join_shards/02.exit	3	5378796307535df3ec8d8b15a2e2dc5641419c3d3060cfe32238c0fa973f7aa3
Q10_HPC_HANDOFF_PACKAGE/work/math_agent/nonextendible_structure/rep76_join_shards/02.out	282	47d414ba693b2b4139995de15cc451ea653b1626c7aec8a3fad554ba1505d121
Q10_HPC_HANDOFF_PACKAGE/work/math_agent/nonextendible_structure/rep76_join_shards/02.time	777	eddf1b463ddf57113d1082801d87f5f8f85390b4459301fbd5aff2fd5bfa6138
Q10_HPC_HANDOFF_PACKAGE/work/math_agent/nonextendible_structure/rep76_join_shards/03.exit	3	5378796307535df3ec8d8b15a2e2dc5641419c3d3060cfe32238c0fa973f7aa3
Q10_HPC_HANDOFF_PACKAGE/work/math_agent/nonextendible_structure/rep76_join_shards/03.out	286	6ede148d4483210e97c983e19567112b6cdaac7cdd7f6fe5a9179efdd0a45e56
Q10_HPC_HANDOFF_PACKAGE/work/math_agent/nonextendible_structure/rep76_join_shards/03.time	777	d1f59e26b55a4714b0d4503f80f7557af2b10b9b04aada8d57ae6fc8b1cdf063
Q10_HPC_HANDOFF_PACKAGE/work/math_agent/nonextendible_structure/rep76_join_shards/04.exit	3	5378796307535df3ec8d8b15a2e2dc5641419c3d3060cfe32238c0fa973f7aa3
Q10_HPC_HANDOFF_PACKAGE/work/math_agent/nonextendible_structure/rep76_join_shards/04.out	284	ef5d0c4e570a445e246f4b0b8014a2ffdc44f104421900e8678b25dc3f75b794
Q10_HPC_HANDOFF_PACKAGE/work/math_agent/nonextendible_structure/rep76_join_shards/04.time	777	f1cdabedbeb7672cb56c9cdfe105acce0b71e486bafa10f80f92332859a60816
Q10_HPC_HANDOFF_PACKAGE/work/math_agent/nonextendible_structure/rep76_join_shards/05.exit	3	5378796307535df3ec8d8b15a2e2dc5641419c3d3060cfe32238c0fa973f7aa3
Q10_HPC_HANDOFF_PACKAGE/work/math_agent/nonextendible_structure/rep76_join_shards/05.out	286	5b9ce78e61c3898419fe8fb2fda4a87dfa2e70c1cedac42aa5badf686d533476
Q10_HPC_HANDOFF_PACKAGE/work/math_agent/nonextendible_structure/rep76_join_shards/05.time	777	a552cde90a1f412b051600a55f1fad19c8064e40010981a24d32e71cf87b1ed8
Q10_HPC_HANDOFF_PACKAGE/work/math_agent/nonextendible_structure/rep76_join_shards/06.exit	3	5378796307535df3ec8d8b15a2e2dc5641419c3d3060cfe32238c0fa973f7aa3
Q10_HPC_HANDOFF_PACKAGE/work/math_agent/nonextendible_structure/rep76_join_shards/06.out	284	799e232407f64b35da0d05c455f1454bef6a45bca85144664e5cb73e50407996
Q10_HPC_HANDOFF_PACKAGE/work/math_agent/nonextendible_structure/rep76_join_shards/06.time	777	897470c5c70a684f25d8099bb2611248c19e578cc431bc09e80c4e300a028a32
Q10_HPC_HANDOFF_PACKAGE/work/math_agent/nonextendible_structure/rep76_join_shards/07.exit	3	5378796307535df3ec8d8b15a2e2dc5641419c3d3060cfe32238c0fa973f7aa3
Q10_HPC_HANDOFF_PACKAGE/work/math_agent/nonextendible_structure/rep76_join_shards/07.out	282	6752a9371a95879e3102167d4ee9753b84359335d80d540e6874f6a809a9c9e3
Q10_HPC_HANDOFF_PACKAGE/work/math_agent/nonextendible_structure/rep76_join_shards/07.time	777	ee1f4ab8e7484ecde1f0d1f2f321cd8d1fb4c3eebf1ee0fc4467d56bdaa51122
Q10_HPC_HANDOFF_PACKAGE/work/math_agent/nonextendible_structure/rep76_join_shards/08.exit	3	5378796307535df3ec8d8b15a2e2dc5641419c3d3060cfe32238c0fa973f7aa3
Q10_HPC_HANDOFF_PACKAGE/work/math_agent/nonextendible_structure/rep76_join_shards/08.out	282	dedd1f0587e9fdeb0f7691ac1fafe4b220431845f9e56f58c45929f5aa578d1b
Q10_HPC_HANDOFF_PACKAGE/work/math_agent/nonextendible_structure/rep76_join_shards/08.time	777	7379bbd066342160ae7a40dbe6338a5701b2aca36d895f36cd1658e9b93cee97
Q10_HPC_HANDOFF_PACKAGE/work/math_agent/nonextendible_structure/rep76_join_shards/09.exit	3	5378796307535df3ec8d8b15a2e2dc5641419c3d3060cfe32238c0fa973f7aa3
Q10_HPC_HANDOFF_PACKAGE/work/math_agent/nonextendible_structure/rep76_join_shards/09.out	282	22ee3684ae751b3b50f7d2590b16c29f8becb81487be155f5a64443231d38d41
Q10_HPC_HANDOFF_PACKAGE/work/math_agent/nonextendible_structure/rep76_join_shards/09.time	777	dd20164967942df1475be5c2a725420c414965bff64f2c3f3b7832456fa3eafd
Q10_HPC_HANDOFF_PACKAGE/work/math_agent/nonextendible_structure/rep76_join_shards/10.exit	3	5378796307535df3ec8d8b15a2e2dc5641419c3d3060cfe32238c0fa973f7aa3
Q10_HPC_HANDOFF_PACKAGE/work/math_agent/nonextendible_structure/rep76_join_shards/10.out	283	9ac8483cc3ba6d823f3b99a006901f725fc1c24a8bbf7129532c9cc694861990
Q10_HPC_HANDOFF_PACKAGE/work/math_agent/nonextendible_structure/rep76_join_shards/10.time	777	e27551631edbbe15ac37d7c9e9e577488824b84e1086eaca16c981deb62169d5
Q10_HPC_HANDOFF_PACKAGE/work/math_agent/nonextendible_structure/rep76_join_shards/11.exit	3	5378796307535df3ec8d8b15a2e2dc5641419c3d3060cfe32238c0fa973f7aa3
Q10_HPC_HANDOFF_PACKAGE/work/math_agent/nonextendible_structure/rep76_join_shards/11.out	283	28d0b03b4370bdac417fd3ecf0689203bb85d837eaaa689d5f189bdfb08bb316
Q10_HPC_HANDOFF_PACKAGE/work/math_agent/nonextendible_structure/rep76_join_shards/11.time	777	4208cd753ec55b6a9ec44107edbe299ad2ad341d717592d31362df2a0fcbfa3f
Q10_HPC_HANDOFF_PACKAGE/work/math_agent/nonextendible_structure/rep76_join_shards/12.exit	3	5378796307535df3ec8d8b15a2e2dc5641419c3d3060cfe32238c0fa973f7aa3
Q10_HPC_HANDOFF_PACKAGE/work/math_agent/nonextendible_structure/rep76_join_shards/12.out	283	21c7fd6224062142094dceecbd840dea8e1fc78eab75d56de71bc81f80db5b06
Q10_HPC_HANDOFF_PACKAGE/work/math_agent/nonextendible_structure/rep76_join_shards/12.time	777	1a0ebf70ce8b654028f700c18900dd8bb5c86ac2a77c4fe0b220dc606c746f74
Q10_HPC_HANDOFF_PACKAGE/work/math_agent/nonextendible_structure/rep76_join_shards/13.exit	3	5378796307535df3ec8d8b15a2e2dc5641419c3d3060cfe32238c0fa973f7aa3
Q10_HPC_HANDOFF_PACKAGE/work/math_agent/nonextendible_structure/rep76_join_shards/13.out	283	c5d53b6072b8b175e1781970eb07f3a2642b640184e2f8a30758b5accf412695
Q10_HPC_HANDOFF_PACKAGE/work/math_agent/nonextendible_structure/rep76_join_shards/13.time	777	dddb5a00f4fd60a663384bf87b1f1833c3c36ad6bda97583a07b181f085f504b
Q10_HPC_HANDOFF_PACKAGE/work/math_agent/nonextendible_structure/rep76_join_shards/14.exit	3	5378796307535df3ec8d8b15a2e2dc5641419c3d3060cfe32238c0fa973f7aa3
Q10_HPC_HANDOFF_PACKAGE/work/math_agent/nonextendible_structure/rep76_join_shards/14.out	287	62fde7b8dbb4a37a429bf5b44e5948470c2723bff0f16272410d0bc4e6b1432e
Q10_HPC_HANDOFF_PACKAGE/work/math_agent/nonextendible_structure/rep76_join_shards/14.time	777	57909d37f4c65940bc3a63c23b62f1f762b1dcbadc05ec847935eb80fb6bc9c7
Q10_HPC_HANDOFF_PACKAGE/work/math_agent/nonextendible_structure/rep76_join_shards/15.exit	3	5378796307535df3ec8d8b15a2e2dc5641419c3d3060cfe32238c0fa973f7aa3
Q10_HPC_HANDOFF_PACKAGE/work/math_agent/nonextendible_structure/rep76_join_shards/15.out	283	490ac3b773ee6cc2b29717d8601f89355ed2463a0f202a166ef0af93274a1586
Q10_HPC_HANDOFF_PACKAGE/work/math_agent/nonextendible_structure/rep76_join_shards/15.time	777	d6122ac9de34c829aecff40974c52b5cdabb6170f7159aff48a686c316a80a5b
Q10_HPC_HANDOFF_PACKAGE/work/math_agent/nonextendible_structure/rep76_join_shards/16.exit	3	5378796307535df3ec8d8b15a2e2dc5641419c3d3060cfe32238c0fa973f7aa3
Q10_HPC_HANDOFF_PACKAGE/work/math_agent/nonextendible_structure/rep76_join_shards/16.out	283	49316cc073bb3113798f3a80bf70e12eb9596aaee5fe74f5f86b10ebca7edbc1
Q10_HPC_HANDOFF_PACKAGE/work/math_agent/nonextendible_structure/rep76_join_shards/16.time	777	c368d5eb7f53a11fcb2118b2aecf5495900e8081c5a8b3df68e3b9fa6846890b
Q10_HPC_HANDOFF_PACKAGE/work/math_agent/nonextendible_structure/rep76_join_shards/17.exit	3	5378796307535df3ec8d8b15a2e2dc5641419c3d3060cfe32238c0fa973f7aa3
Q10_HPC_HANDOFF_PACKAGE/work/math_agent/nonextendible_structure/rep76_join_shards/17.out	281	62c9dd1884bfa1d53db6963dad7cd1aaf50b5d10a83294907e6495c3a915a706
Q10_HPC_HANDOFF_PACKAGE/work/math_agent/nonextendible_structure/rep76_join_shards/17.time	777	ee1b1f76e7b7cb61698faf1692363789c604537a1a28811701e58cbb15ce6578
Q10_HPC_HANDOFF_PACKAGE/work/math_agent/nonextendible_structure/rep76_join_shards/18.exit	3	5378796307535df3ec8d8b15a2e2dc5641419c3d3060cfe32238c0fa973f7aa3
Q10_HPC_HANDOFF_PACKAGE/work/math_agent/nonextendible_structure/rep76_join_shards/18.out	283	e36a5fb752580fd4f37b1d69efd48513b389ac8a1ec45dbbf7458a6ac2ef91ad
Q10_HPC_HANDOFF_PACKAGE/work/math_agent/nonextendible_structure/rep76_join_shards/18.time	777	70e7d039150dc07e908f6a7936f6af6ad66632925834a2091f88bb5447785f64
Q10_HPC_HANDOFF_PACKAGE/work/math_agent/nonextendible_structure/rep76_join_shards/19.exit	3	5378796307535df3ec8d8b15a2e2dc5641419c3d3060cfe32238c0fa973f7aa3
Q10_HPC_HANDOFF_PACKAGE/work/math_agent/nonextendible_structure/rep76_join_shards/19.out	283	964b419523600ad23294c0625497fcc6ac07bb6407329b4c0a58259eaf36f42f
Q10_HPC_HANDOFF_PACKAGE/work/math_agent/nonextendible_structure/rep76_join_shards/19.time	777	58c9ca068e6a6f06f55c7a728c3c687beb1e8e3d433541feda13aa6832feedda
Q10_HPC_HANDOFF_PACKAGE/work/math_agent/nonextendible_structure/rep76_join_shards/20.exit	3	5378796307535df3ec8d8b15a2e2dc5641419c3d3060cfe32238c0fa973f7aa3
Q10_HPC_HANDOFF_PACKAGE/work/math_agent/nonextendible_structure/rep76_join_shards/20.out	283	0e281a509be4ecbd32d9610724ce34000f14dea9259063c4d3e720070c6abe52
Q10_HPC_HANDOFF_PACKAGE/work/math_agent/nonextendible_structure/rep76_join_shards/20.time	777	f5a9f5ab4d111cd8f1bbcf8c5fb6ce333f7822b349c96ffba32f7f26cca25b16
Q10_HPC_HANDOFF_PACKAGE/work/math_agent/nonextendible_structure/rep76_join_shards/21.exit	3	5378796307535df3ec8d8b15a2e2dc5641419c3d3060cfe32238c0fa973f7aa3
Q10_HPC_HANDOFF_PACKAGE/work/math_agent/nonextendible_structure/rep76_join_shards/21.out	283	52d42c1171bbba58ae3ab379d0207f8986bf49db2703788ab40561bc59c79829
Q10_HPC_HANDOFF_PACKAGE/work/math_agent/nonextendible_structure/rep76_join_shards/21.time	777	b26f527b167759f4a4bbd681ab4253eebc387d88eea38fdc434334c52ac2035f
Q10_HPC_HANDOFF_PACKAGE/work/math_agent/nonextendible_structure/rep76_join_shards/22.exit	3	5378796307535df3ec8d8b15a2e2dc5641419c3d3060cfe32238c0fa973f7aa3
Q10_HPC_HANDOFF_PACKAGE/work/math_agent/nonextendible_structure/rep76_join_shards/22.out	285	f08ee58adb154c2f78feebf84aa34b261f15b3956496fc9262db4bc39f4cf00a
Q10_HPC_HANDOFF_PACKAGE/work/math_agent/nonextendible_structure/rep76_join_shards/22.time	777	3db258c4f987bcd957e105a395b14701f0518efe441c40afca23058d3b8e7ca5
Q10_HPC_HANDOFF_PACKAGE/work/math_agent/nonextendible_structure/rep76_join_shards/23.exit	3	5378796307535df3ec8d8b15a2e2dc5641419c3d3060cfe32238c0fa973f7aa3
Q10_HPC_HANDOFF_PACKAGE/work/math_agent/nonextendible_structure/rep76_join_shards/23.out	283	9cf3bfbc7af74b68b240827d6288ff125eb4a2f7991e63b9a18944d621abc002
Q10_HPC_HANDOFF_PACKAGE/work/math_agent/nonextendible_structure/rep76_join_shards/23.time	777	867f2b1277c74d225293b19936dd590a8300e048b71bd1e12b5059fcccb56ba6
Q10_HPC_HANDOFF_PACKAGE/work/math_agent/nonextendible_structure/rep76_join_shards/24.exit	3	5378796307535df3ec8d8b15a2e2dc5641419c3d3060cfe32238c0fa973f7aa3
Q10_HPC_HANDOFF_PACKAGE/work/math_agent/nonextendible_structure/rep76_join_shards/24.out	283	f7ff5d6bdf754529b3030f671b2fd9ef6c1bda9c736a9678607f8675117ddd92
Q10_HPC_HANDOFF_PACKAGE/work/math_agent/nonextendible_structure/rep76_join_shards/24.time	777	546291338aadb396262738b1685bf5fa479cb37d38c716479425c46dd945d05d
Q10_HPC_HANDOFF_PACKAGE/work/math_agent/nonextendible_structure/rep76_join_shards/25.exit	3	5378796307535df3ec8d8b15a2e2dc5641419c3d3060cfe32238c0fa973f7aa3
Q10_HPC_HANDOFF_PACKAGE/work/math_agent/nonextendible_structure/rep76_join_shards/25.out	283	7d1d46afa5f4b0761f13f5399faeb47b1cae800a6c20e0c47796ad4c64bb0628
Q10_HPC_HANDOFF_PACKAGE/work/math_agent/nonextendible_structure/rep76_join_shards/25.time	777	49afa3aec062b699b9ac2508b82481dfd189544452b72d841e3346658d172c00
Q10_HPC_HANDOFF_PACKAGE/work/math_agent/nonextendible_structure/rep76_join_shards/26.exit	3	5378796307535df3ec8d8b15a2e2dc5641419c3d3060cfe32238c0fa973f7aa3
Q10_HPC_HANDOFF_PACKAGE/work/math_agent/nonextendible_structure/rep76_join_shards/26.out	283	e7ec548c89bfc70c70d3554d9851cb7b150a5df197f2d4227b6fe7603aeeed4f
Q10_HPC_HANDOFF_PACKAGE/work/math_agent/nonextendible_structure/rep76_join_shards/26.time	777	941ef9d1b1be07e7644c5ab9464f686468d7e3de0722d3d43ee0fa706f78da29
Q10_HPC_HANDOFF_PACKAGE/work/math_agent/nonextendible_structure/rep76_join_shards/27.exit	3	5378796307535df3ec8d8b15a2e2dc5641419c3d3060cfe32238c0fa973f7aa3
Q10_HPC_HANDOFF_PACKAGE/work/math_agent/nonextendible_structure/rep76_join_shards/27.out	283	55f51124ed26860187744f1e7ba990515c1873412299ca60f1d5042d7a0780d4
Q10_HPC_HANDOFF_PACKAGE/work/math_agent/nonextendible_structure/rep76_join_shards/27.time	777	5cf5d8152d6c25d412c4c3fbb5918862dfd538e2e32d4067db8d47fac952552d
Q10_HPC_HANDOFF_PACKAGE/work/math_agent/nonextendible_structure/rep76_join_shards/28.exit	3	5378796307535df3ec8d8b15a2e2dc5641419c3d3060cfe32238c0fa973f7aa3
Q10_HPC_HANDOFF_PACKAGE/work/math_agent/nonextendible_structure/rep76_join_shards/28.out	283	1bc4745b64e3d5b44777ba4297a2c5cdf004eb89b6d2974adbaa63515de982c0
Q10_HPC_HANDOFF_PACKAGE/work/math_agent/nonextendible_structure/rep76_join_shards/28.time	777	b7f89efae5d17afffbbfc52e81a13b48df5dd56786b3395f88e4db9e6eca5b67
Q10_HPC_HANDOFF_PACKAGE/work/math_agent/nonextendible_structure/rep76_join_shards/29.exit	3	5378796307535df3ec8d8b15a2e2dc5641419c3d3060cfe32238c0fa973f7aa3
Q10_HPC_HANDOFF_PACKAGE/work/math_agent/nonextendible_structure/rep76_join_shards/29.out	283	257d9332bda562beaa9e08b01d43623a67e57291d80a782c8448d18a7df35f1b
Q10_HPC_HANDOFF_PACKAGE/work/math_agent/nonextendible_structure/rep76_join_shards/29.time	777	3c864bdfef9f0565125bdb7c4298ec6c0a2a0e71ed40def40f32933b70659adc
Q10_HPC_HANDOFF_PACKAGE/work/math_agent/nonextendible_structure/rep76_join_shards/30.exit	3	5378796307535df3ec8d8b15a2e2dc5641419c3d3060cfe32238c0fa973f7aa3
Q10_HPC_HANDOFF_PACKAGE/work/math_agent/nonextendible_structure/rep76_join_shards/30.out	283	dce3ee7ecde2d4b3c93c76c93304f2accef6799944196cd783c9ff1f9cb36061
Q10_HPC_HANDOFF_PACKAGE/work/math_agent/nonextendible_structure/rep76_join_shards/30.time	777	e5900a27274bec69c8fbd8c823711f91a636709c270e673141651e6675f0cb00
Q10_HPC_HANDOFF_PACKAGE/work/math_agent/nonextendible_structure/rep76_join_shards/31.exit	3	5378796307535df3ec8d8b15a2e2dc5641419c3d3060cfe32238c0fa973f7aa3
Q10_HPC_HANDOFF_PACKAGE/work/math_agent/nonextendible_structure/rep76_join_shards/31.out	283	1e3aa59bb2a2e733e99edd03d5488321f265f628b252183e2758fc7148a34f67
Q10_HPC_HANDOFF_PACKAGE/work/math_agent/nonextendible_structure/rep76_join_shards/31.time	777	cc7a48b2c25549814d5bc68845008a4b48efc8d83e805aaf66518db8ee17c7df
Q10_HPC_HANDOFF_PACKAGE/work/math_agent/nonextendible_structure/rep76_join_shards/32.exit	3	5378796307535df3ec8d8b15a2e2dc5641419c3d3060cfe32238c0fa973f7aa3
Q10_HPC_HANDOFF_PACKAGE/work/math_agent/nonextendible_structure/rep76_join_shards/32.out	283	2e1911f4cbc489fb10f0ad7720dd1170ac41ee538afb7c88945fc45a133b3e63
Q10_HPC_HANDOFF_PACKAGE/work/math_agent/nonextendible_structure/rep76_join_shards/32.time	777	94c8b177f211c3ebc72020dbbecd8a2aada8bc83d50774663735e47018c7409d
Q10_HPC_HANDOFF_PACKAGE/work/math_agent/nonextendible_structure/rep76_join_shards/33.exit	3	5378796307535df3ec8d8b15a2e2dc5641419c3d3060cfe32238c0fa973f7aa3
Q10_HPC_HANDOFF_PACKAGE/work/math_agent/nonextendible_structure/rep76_join_shards/33.out	283	9ccde17ba09cb66c551803013eff6c18b9df81af64a4e686789913f7849b6756
Q10_HPC_HANDOFF_PACKAGE/work/math_agent/nonextendible_structure/rep76_join_shards/33.time	777	7294361a969050ce83c883fd9a9d77b5e88b3d7b7e5ff7de324e0964489c1c45
Q10_HPC_HANDOFF_PACKAGE/work/math_agent/nonextendible_structure/rep76_join_shards/34.exit	3	5378796307535df3ec8d8b15a2e2dc5641419c3d3060cfe32238c0fa973f7aa3
Q10_HPC_HANDOFF_PACKAGE/work/math_agent/nonextendible_structure/rep76_join_shards/34.out	285	16c4dbb766cd9fc50f0a8c4ccd4ea13601d2ce1c3405c9dc22dca752744779f6
Q10_HPC_HANDOFF_PACKAGE/work/math_agent/nonextendible_structure/rep76_join_shards/34.time	777	1bcf0bddcbe12ceaa19290335f9d37164b53f969364cc3b9dd409f10f876e5b6
Q10_HPC_HANDOFF_PACKAGE/work/math_agent/nonextendible_structure/rep76_join_shards/35.exit	3	5378796307535df3ec8d8b15a2e2dc5641419c3d3060cfe32238c0fa973f7aa3
Q10_HPC_HANDOFF_PACKAGE/work/math_agent/nonextendible_structure/rep76_join_shards/35.out	285	b0042075982bbcbc1b122d505bde21f803121d2a8da499e660303deabf66ee78
Q10_HPC_HANDOFF_PACKAGE/work/math_agent/nonextendible_structure/rep76_join_shards/35.time	777	66fe14ed25a4b2ad43c995e4362783cf3140aa73ad4a09b944e6803bdf14b8c7
Q10_HPC_HANDOFF_PACKAGE/work/math_agent/nonextendible_structure/rep76_join_shards/36.exit	3	5378796307535df3ec8d8b15a2e2dc5641419c3d3060cfe32238c0fa973f7aa3
Q10_HPC_HANDOFF_PACKAGE/work/math_agent/nonextendible_structure/rep76_join_shards/36.out	285	a1ee60952d565ea84f1d277f88f0d7fbecc34e931e2f465083ce8cdd31df2047
Q10_HPC_HANDOFF_PACKAGE/work/math_agent/nonextendible_structure/rep76_join_shards/36.time	777	e61b7fbbde5631811badf6abf6498fee4e3a0360bae93ad3dad4980d77227e87
Q10_HPC_HANDOFF_PACKAGE/work/math_agent/nonextendible_structure/rep76_join_shards/37.exit	3	5378796307535df3ec8d8b15a2e2dc5641419c3d3060cfe32238c0fa973f7aa3
Q10_HPC_HANDOFF_PACKAGE/work/math_agent/nonextendible_structure/rep76_join_shards/37.out	283	86a4641cf15b374a186df0b1eab7ac8677861633d8386191c7ad3742819cd441
Q10_HPC_HANDOFF_PACKAGE/work/math_agent/nonextendible_structure/rep76_join_shards/37.time	777	ceb3340ad005664905f7b5b445a3dfd999886e8ae4ac9730afc3eeb606c5b6af
Q10_HPC_HANDOFF_PACKAGE/work/math_agent/nonextendible_structure/rep76_join_shards/38.exit	3	5378796307535df3ec8d8b15a2e2dc5641419c3d3060cfe32238c0fa973f7aa3
Q10_HPC_HANDOFF_PACKAGE/work/math_agent/nonextendible_structure/rep76_join_shards/38.out	283	f98451e2808353ce81527807e41fc0ae0cacd65e7389943daef9eea43a439de9
Q10_HPC_HANDOFF_PACKAGE/work/math_agent/nonextendible_structure/rep76_join_shards/38.time	777	17b81f7701c398572eec1cc3286378ced8fa6cb31a5832f49f79e50a5a8c59bf
Q10_HPC_HANDOFF_PACKAGE/work/math_agent/nonextendible_structure/rep76_join_shards/39.exit	3	5378796307535df3ec8d8b15a2e2dc5641419c3d3060cfe32238c0fa973f7aa3
Q10_HPC_HANDOFF_PACKAGE/work/math_agent/nonextendible_structure/rep76_join_shards/39.out	281	014ad1d77cfff4bb030518c1601ae730291da1ca1de8c6af885a8cbc9047eac8
Q10_HPC_HANDOFF_PACKAGE/work/math_agent/nonextendible_structure/rep76_join_shards/39.time	777	02625090a47c632633d1dd04437aaec623d5d01b18666dfe55db4b40c8b6b925
Q10_HPC_HANDOFF_PACKAGE/work/math_agent/nonextendible_structure/rep76_join_shards/40.exit	3	5378796307535df3ec8d8b15a2e2dc5641419c3d3060cfe32238c0fa973f7aa3
Q10_HPC_HANDOFF_PACKAGE/work/math_agent/nonextendible_structure/rep76_join_shards/40.out	281	75223ce10b7b9f61e43ceb1d83dafad9890f6b663f2ef5512d0bccea646bba08
Q10_HPC_HANDOFF_PACKAGE/work/math_agent/nonextendible_structure/rep76_join_shards/40.time	777	f3c46aad5bcf5ec5b527d4413e14d56b8590cdaacad02b7d5fafe7a3eb4cf85c
Q10_HPC_HANDOFF_PACKAGE/work/math_agent/nonextendible_structure/rep76_join_shards/41.exit	3	5378796307535df3ec8d8b15a2e2dc5641419c3d3060cfe32238c0fa973f7aa3
Q10_HPC_HANDOFF_PACKAGE/work/math_agent/nonextendible_structure/rep76_join_shards/41.out	279	0576ff84c3936f79f55d0de23c4a36daf36f4566691248e1deee89f790cdb09c
Q10_HPC_HANDOFF_PACKAGE/work/math_agent/nonextendible_structure/rep76_join_shards/41.time	777	4c31c69706f6f4a10f2c0657ce5aa3827b6d17a2d0193ca230827a0b12721a4c
Q10_HPC_HANDOFF_PACKAGE/work/math_agent/nonextendible_structure/rep76_join_shards/42.exit	3	5378796307535df3ec8d8b15a2e2dc5641419c3d3060cfe32238c0fa973f7aa3
Q10_HPC_HANDOFF_PACKAGE/work/math_agent/nonextendible_structure/rep76_join_shards/42.out	279	749995883bd085395c19a373d501d84ee2f8be02408e61b36a85b2c68915c6ae
Q10_HPC_HANDOFF_PACKAGE/work/math_agent/nonextendible_structure/rep76_join_shards/42.time	777	ea0afff123136209bac5dc77f816b15a3e80e85a5d7a7af68b702310051cdfa0
Q10_HPC_HANDOFF_PACKAGE/work/math_agent/nonextendible_structure/rep76_join_shards/43.exit	3	5378796307535df3ec8d8b15a2e2dc5641419c3d3060cfe32238c0fa973f7aa3
Q10_HPC_HANDOFF_PACKAGE/work/math_agent/nonextendible_structure/rep76_join_shards/43.out	278	48e4d6f50209d5178bca05aa6d897419dce8f8092ee9368ac9cc2c0dee0f3005
Q10_HPC_HANDOFF_PACKAGE/work/math_agent/nonextendible_structure/rep76_join_shards/43.time	777	a8326cfbb61aa2bb0a5566f07bdee01aa7158e84c3724fbbb70514c695caf1ca
Q10_HPC_HANDOFF_PACKAGE/work/math_agent/nonextendible_structure/rep76_join_shards/44.exit	3	5378796307535df3ec8d8b15a2e2dc5641419c3d3060cfe32238c0fa973f7aa3
Q10_HPC_HANDOFF_PACKAGE/work/math_agent/nonextendible_structure/rep76_join_shards/44.out	279	81001d162493b3a1c90e60f8c2000f649df5bec63bda89991c7bbba0d0993d05
Q10_HPC_HANDOFF_PACKAGE/work/math_agent/nonextendible_structure/rep76_join_shards/44.time	777	472dd532fdab9a5a2edaf430bb2b407ed1c33d6e3c59d14455c03869726c874f
Q10_HPC_HANDOFF_PACKAGE/work/math_agent/nonextendible_structure/rep76_join_shards/45.exit	3	5378796307535df3ec8d8b15a2e2dc5641419c3d3060cfe32238c0fa973f7aa3
Q10_HPC_HANDOFF_PACKAGE/work/math_agent/nonextendible_structure/rep76_join_shards/45.out	276	7ab230e81624f8505f8c6cf41224bd4ebf797f484ae86444ba9101effafaf2a7
Q10_HPC_HANDOFF_PACKAGE/work/math_agent/nonextendible_structure/rep76_join_shards/45.time	777	b103f38a00c65ea89dc0561f0cee3492663ad82c2fd238b0a36ee3de7e0e11a1
Q10_HPC_HANDOFF_PACKAGE/work/math_agent/nonextendible_structure/rep76_join_shards/46.exit	3	5378796307535df3ec8d8b15a2e2dc5641419c3d3060cfe32238c0fa973f7aa3
Q10_HPC_HANDOFF_PACKAGE/work/math_agent/nonextendible_structure/rep76_join_shards/46.out	276	0412fa088c9ac9d81919296b6415ef41e7c00a583f92e9a71b52c48a1212ee49
Q10_HPC_HANDOFF_PACKAGE/work/math_agent/nonextendible_structure/rep76_join_shards/46.time	777	c8f125ac5cbcbe62b0783cadf9af4ba7e55be35403ac1a9d9240c6671660a096
Q10_HPC_HANDOFF_PACKAGE/work/math_agent/nonextendible_structure/rep76_join_shards/47.exit	3	5378796307535df3ec8d8b15a2e2dc5641419c3d3060cfe32238c0fa973f7aa3
Q10_HPC_HANDOFF_PACKAGE/work/math_agent/nonextendible_structure/rep76_join_shards/47.out	276	bb481865e9882d91a20b3547a723a206533e948f66c00525f9a3f9b6b3d617d0
Q10_HPC_HANDOFF_PACKAGE/work/math_agent/nonextendible_structure/rep76_join_shards/47.time	777	ab8e49625df60018adff27b72cde6d1ef1ed21ed4366707f4233439c3db05ea1
Q10_HPC_HANDOFF_PACKAGE/work/math_agent/nonextendible_structure/rep76_join_shards/48.exit	3	5378796307535df3ec8d8b15a2e2dc5641419c3d3060cfe32238c0fa973f7aa3
Q10_HPC_HANDOFF_PACKAGE/work/math_agent/nonextendible_structure/rep76_join_shards/48.out	276	d4d10de0a1a7c25341accbcecdec8210fb959ae7a96c15f4daa8dee921f2da1f
Q10_HPC_HANDOFF_PACKAGE/work/math_agent/nonextendible_structure/rep76_join_shards/48.time	777	531a39823db19dc125f16c22507bf21ac18938fe7611ab19a54f2212726fa018
Q10_HPC_HANDOFF_PACKAGE/work/math_agent/nonextendible_structure/rep76_join_shards/49.exit	3	5378796307535df3ec8d8b15a2e2dc5641419c3d3060cfe32238c0fa973f7aa3
Q10_HPC_HANDOFF_PACKAGE/work/math_agent/nonextendible_structure/rep76_join_shards/49.out	275	1cb743e961bdccb4753d7c5d744f6fd7bce251b61c6c7a74a1d618d1a61d5724
Q10_HPC_HANDOFF_PACKAGE/work/math_agent/nonextendible_structure/rep76_join_shards/49.time	777	8058df36ed541201f0863e8b5723b1a54e3c4da1ee7107b07a567978c48bba43
Q10_HPC_HANDOFF_PACKAGE/work/math_agent/nonextendible_structure/rep76_join_shards/50.exit	3	5378796307535df3ec8d8b15a2e2dc5641419c3d3060cfe32238c0fa973f7aa3
Q10_HPC_HANDOFF_PACKAGE/work/math_agent/nonextendible_structure/rep76_join_shards/50.out	275	98ef59a158e55cc86feda4aaa37504df8b9c8814c197af02afc29c16ac0eec09
Q10_HPC_HANDOFF_PACKAGE/work/math_agent/nonextendible_structure/rep76_join_shards/50.time	777	66db71e43525fd037dcf3d20c09f13b13bae672b5f274b93a4dd720a895c092a
Q10_HPC_HANDOFF_PACKAGE/work/math_agent/nonextendible_structure/rep76_join_shards/51.exit	3	5378796307535df3ec8d8b15a2e2dc5641419c3d3060cfe32238c0fa973f7aa3
Q10_HPC_HANDOFF_PACKAGE/work/math_agent/nonextendible_structure/rep76_join_shards/51.out	275	8a4943a318db0d4527f4410063be7fbafcc7b66c9cb32afc4d5809b63e329ed6
Q10_HPC_HANDOFF_PACKAGE/work/math_agent/nonextendible_structure/rep76_join_shards/51.time	777	647969e016a1caad16b006cfe5c7fd5c2a6e0b929600fea2013c183332171884
Q10_HPC_HANDOFF_PACKAGE/work/math_agent/nonextendible_structure/rep76_join_shards/52.exit	3	5378796307535df3ec8d8b15a2e2dc5641419c3d3060cfe32238c0fa973f7aa3
Q10_HPC_HANDOFF_PACKAGE/work/math_agent/nonextendible_structure/rep76_join_shards/52.out	269	02618d09154f88fef238b5f7ee8ca1ee10cb5d268c51edeedd841f00bcfc570b
Q10_HPC_HANDOFF_PACKAGE/work/math_agent/nonextendible_structure/rep76_join_shards/52.time	777	fd3a8e3e6a55d094a1a205ec604b2d1e75b771bf93969b965973372baca951e5
Q10_HPC_HANDOFF_PACKAGE/work/math_agent/nonextendible_structure/rep76_join_shards/53.exit	3	5378796307535df3ec8d8b15a2e2dc5641419c3d3060cfe32238c0fa973f7aa3
Q10_HPC_HANDOFF_PACKAGE/work/math_agent/nonextendible_structure/rep76_join_shards/53.out	269	60e7f2701cf0194c6b3066252bb25afb0b5d0349af2f372d4ad8b18b02bf944a
Q10_HPC_HANDOFF_PACKAGE/work/math_agent/nonextendible_structure/rep76_join_shards/53.time	777	57b821e8da0e8386bbfeb7e2710b0d76bff0c5b4e90b921a275fdd03983c5255
Q10_HPC_HANDOFF_PACKAGE/work/math_agent/nonextendible_structure/rep76_join_shards/54.exit	3	5378796307535df3ec8d8b15a2e2dc5641419c3d3060cfe32238c0fa973f7aa3
Q10_HPC_HANDOFF_PACKAGE/work/math_agent/nonextendible_structure/rep76_join_shards/54.out	268	caef5c437a9c19d50a22435331c72be35db575334daaa68b713a9c3e393223ea
Q10_HPC_HANDOFF_PACKAGE/work/math_agent/nonextendible_structure/rep76_join_shards/54.time	777	e4e506933d1bae0fc7ece34cf42cb09c38ecf5a58fab682cd90533f7be266f8b
Q10_HPC_HANDOFF_PACKAGE/work/math_agent/nonextendible_structure/rep76_join_shards/audit.json	42693	a0a2e04c66881927f7c28ca079a404594c82f5a8fb5ac758eb4c215d2ef645a5
Q10_HPC_HANDOFF_PACKAGE/work/math_agent/nonextendible_structure/rep76_join_shards/run.meta	534	389961bb4ae0c9b4dbe6345e6c1cd50e14b247ebbd4a7ab60c250d494976851a
Q10_HPC_HANDOFF_PACKAGE/work/math_agent/nonextendible_structure/rep88_join_shards/00.exit	3	5378796307535df3ec8d8b15a2e2dc5641419c3d3060cfe32238c0fa973f7aa3
Q10_HPC_HANDOFF_PACKAGE/work/math_agent/nonextendible_structure/rep88_join_shards/00.out	281	9b94996134bf1cc78ff2d20b9ba18180a3e68f43133a6c79b50844f839741e74
Q10_HPC_HANDOFF_PACKAGE/work/math_agent/nonextendible_structure/rep88_join_shards/00.time	777	508a7a3c675552173097aea5bc40543c080319db26cb071d1516b8bc34d0f272
Q10_HPC_HANDOFF_PACKAGE/work/math_agent/nonextendible_structure/rep88_join_shards/01.exit	3	5378796307535df3ec8d8b15a2e2dc5641419c3d3060cfe32238c0fa973f7aa3
Q10_HPC_HANDOFF_PACKAGE/work/math_agent/nonextendible_structure/rep88_join_shards/01.out	281	6c8dacbb8488b9be13d0b830e927a9228ddd28c31d58d6766412f7510694d7e2
Q10_HPC_HANDOFF_PACKAGE/work/math_agent/nonextendible_structure/rep88_join_shards/01.time	777	96fb53396b7039a01fd1970bac325083db34b42b2ff0498fca8e9bb279101882
Q10_HPC_HANDOFF_PACKAGE/work/math_agent/nonextendible_structure/rep88_join_shards/02.exit	3	5378796307535df3ec8d8b15a2e2dc5641419c3d3060cfe32238c0fa973f7aa3
Q10_HPC_HANDOFF_PACKAGE/work/math_agent/nonextendible_structure/rep88_join_shards/02.out	280	9705fc62dc74676e5dc342de8ad6931b2464e3b4dabe753dc1735bae70449a92
Q10_HPC_HANDOFF_PACKAGE/work/math_agent/nonextendible_structure/rep88_join_shards/02.time	777	85f3ab9f94bcbf1633b116907980df9ad7909fcac7ca002dfe863451662f9f27
Q10_HPC_HANDOFF_PACKAGE/work/math_agent/nonextendible_structure/rep88_join_shards/03.exit	3	5378796307535df3ec8d8b15a2e2dc5641419c3d3060cfe32238c0fa973f7aa3
Q10_HPC_HANDOFF_PACKAGE/work/math_agent/nonextendible_structure/rep88_join_shards/03.out	281	29276a5c6815ef790399352eead71ee000e537866057e2b2df1ea486947c78b3
Q10_HPC_HANDOFF_PACKAGE/work/math_agent/nonextendible_structure/rep88_join_shards/03.time	777	ac0b6867d5e0a3a861b5c741bc8a2838f04655da2648b83037e791dcd1264faa
Q10_HPC_HANDOFF_PACKAGE/work/math_agent/nonextendible_structure/rep88_join_shards/04.exit	3	5378796307535df3ec8d8b15a2e2dc5641419c3d3060cfe32238c0fa973f7aa3
Q10_HPC_HANDOFF_PACKAGE/work/math_agent/nonextendible_structure/rep88_join_shards/04.out	282	e31990e88467fe7a81ac029624d8025bf320b0dc06a82dfec2716d3646e77779
Q10_HPC_HANDOFF_PACKAGE/work/math_agent/nonextendible_structure/rep88_join_shards/04.time	777	1ea8a7225f2985c748a51890c353a77e33e9416449ae2eb0caea83fb2c826072
Q10_HPC_HANDOFF_PACKAGE/work/math_agent/nonextendible_structure/rep88_join_shards/05.exit	3	5378796307535df3ec8d8b15a2e2dc5641419c3d3060cfe32238c0fa973f7aa3
Q10_HPC_HANDOFF_PACKAGE/work/math_agent/nonextendible_structure/rep88_join_shards/05.out	282	2e4fba8e45aee03f3895b69cf972a8895686d386e23da4f5fca10854d0dbf4c9
Q10_HPC_HANDOFF_PACKAGE/work/math_agent/nonextendible_structure/rep88_join_shards/05.time	777	c012540a628a66a85fb9ff607d8f08460e3ba28fe7a2645ea4dbe44d6916dab7
Q10_HPC_HANDOFF_PACKAGE/work/math_agent/nonextendible_structure/rep88_join_shards/06.exit	3	5378796307535df3ec8d8b15a2e2dc5641419c3d3060cfe32238c0fa973f7aa3
Q10_HPC_HANDOFF_PACKAGE/work/math_agent/nonextendible_structure/rep88_join_shards/06.out	282	ecf403aff51816c49c9baa18b6c00b41bd8f9ef077a5f88a9e2842e7e07d4c50
Q10_HPC_HANDOFF_PACKAGE/work/math_agent/nonextendible_structure/rep88_join_shards/06.time	777	17892dfd8607539b719219d93c1e0ca2bc2f5eefcbb5591882fe6c23aecd57a0
Q10_HPC_HANDOFF_PACKAGE/work/math_agent/nonextendible_structure/rep88_join_shards/07.exit	3	5378796307535df3ec8d8b15a2e2dc5641419c3d3060cfe32238c0fa973f7aa3
Q10_HPC_HANDOFF_PACKAGE/work/math_agent/nonextendible_structure/rep88_join_shards/07.out	280	8fb28a18a05aaf301b8237b5bd5abd6ecef69205d02601aa12b92d8190c58234
Q10_HPC_HANDOFF_PACKAGE/work/math_agent/nonextendible_structure/rep88_join_shards/07.time	777	2266144e2bc2e3fae01ff321fd63a3aa7f823a9260e9251abbe2bd14723467e8
Q10_HPC_HANDOFF_PACKAGE/work/math_agent/nonextendible_structure/rep88_join_shards/08.exit	3	5378796307535df3ec8d8b15a2e2dc5641419c3d3060cfe32238c0fa973f7aa3
Q10_HPC_HANDOFF_PACKAGE/work/math_agent/nonextendible_structure/rep88_join_shards/08.out	281	8d55325050f7effbb896261e48f9b92a0beb5b6ed7505a1b2e97d7e71289313b
Q10_HPC_HANDOFF_PACKAGE/work/math_agent/nonextendible_structure/rep88_join_shards/08.time	777	f46e22d17b0e0b5df1fbd54ced82c38b323ec8389da9ea198ca2a11432d3bb5c
Q10_HPC_HANDOFF_PACKAGE/work/math_agent/nonextendible_structure/rep88_join_shards/09.exit	3	5378796307535df3ec8d8b15a2e2dc5641419c3d3060cfe32238c0fa973f7aa3
Q10_HPC_HANDOFF_PACKAGE/work/math_agent/nonextendible_structure/rep88_join_shards/09.out	281	219378000970c54a2da1048bc0f6c54c83e5b0ef5aea5b132c0deb2a94acb755
Q10_HPC_HANDOFF_PACKAGE/work/math_agent/nonextendible_structure/rep88_join_shards/09.time	777	21f155c2cc747b8bdbd41e1bf07517decb0ff34a9fca3dc17cfd9b593f24ea64
Q10_HPC_HANDOFF_PACKAGE/work/math_agent/nonextendible_structure/rep88_join_shards/10.exit	3	5378796307535df3ec8d8b15a2e2dc5641419c3d3060cfe32238c0fa973f7aa3
Q10_HPC_HANDOFF_PACKAGE/work/math_agent/nonextendible_structure/rep88_join_shards/10.out	282	275f5c457ebb81185a897761c63b884492788c577c34e276eef2d26929942d8e
Q10_HPC_HANDOFF_PACKAGE/work/math_agent/nonextendible_structure/rep88_join_shards/10.time	777	fc3f15de75ccb94a1b0c2f69be73dec57b1fc223df29ff08f832f79856eec730
Q10_HPC_HANDOFF_PACKAGE/work/math_agent/nonextendible_structure/rep88_join_shards/11.exit	3	5378796307535df3ec8d8b15a2e2dc5641419c3d3060cfe32238c0fa973f7aa3
Q10_HPC_HANDOFF_PACKAGE/work/math_agent/nonextendible_structure/rep88_join_shards/11.out	282	22c3599bf573cd0b7317b46f7ddf81780c5b3addfee5ee96543b4a718b9e33a9
Q10_HPC_HANDOFF_PACKAGE/work/math_agent/nonextendible_structure/rep88_join_shards/11.time	777	19ab31c9eb267341fb77fa300f0c378e8086b90b27dd651f076e06a1c5e57bc8
Q10_HPC_HANDOFF_PACKAGE/work/math_agent/nonextendible_structure/rep88_join_shards/12.exit	3	5378796307535df3ec8d8b15a2e2dc5641419c3d3060cfe32238c0fa973f7aa3
Q10_HPC_HANDOFF_PACKAGE/work/math_agent/nonextendible_structure/rep88_join_shards/12.out	283	d6b2fb4d25bb0c3bc0b73a15102121de183ffb9600cd7b7966b55fef692497c6
Q10_HPC_HANDOFF_PACKAGE/work/math_agent/nonextendible_structure/rep88_join_shards/12.time	777	50b1d54db9d2d9bf37cfbc2e1e740b3ffe2f048a77f60a345581d2aa5fdda53e
Q10_HPC_HANDOFF_PACKAGE/work/math_agent/nonextendible_structure/rep88_join_shards/13.exit	3	5378796307535df3ec8d8b15a2e2dc5641419c3d3060cfe32238c0fa973f7aa3
Q10_HPC_HANDOFF_PACKAGE/work/math_agent/nonextendible_structure/rep88_join_shards/13.out	283	7fd7c2f6ddf3fe80995ccc2be7de02783b5d2f54847796bc3fb11452485dc4e6
Q10_HPC_HANDOFF_PACKAGE/work/math_agent/nonextendible_structure/rep88_join_shards/13.time	777	e041ac7945b34179bfae9bb40d249158dfe526a9223d9dc78164dc644edd56f2
Q10_HPC_HANDOFF_PACKAGE/work/math_agent/nonextendible_structure/rep88_join_shards/14.exit	3	5378796307535df3ec8d8b15a2e2dc5641419c3d3060cfe32238c0fa973f7aa3
Q10_HPC_HANDOFF_PACKAGE/work/math_agent/nonextendible_structure/rep88_join_shards/14.out	283	4705ded12499771ff29579375f2cba6aab3f3b28fcc03deb642a9a667960aa7a
Q10_HPC_HANDOFF_PACKAGE/work/math_agent/nonextendible_structure/rep88_join_shards/14.time	777	3105a7fd9b3fd129d3ab43aa259ef06f9adf98e771f402f6996742d234669202
Q10_HPC_HANDOFF_PACKAGE/work/math_agent/nonextendible_structure/rep88_join_shards/15.exit	3	5378796307535df3ec8d8b15a2e2dc5641419c3d3060cfe32238c0fa973f7aa3
Q10_HPC_HANDOFF_PACKAGE/work/math_agent/nonextendible_structure/rep88_join_shards/15.out	282	8a85736ca0407a93efcedf2ef7aa9f5999051f8e02fdf7e56bbbe7dfb9da2f2e
Q10_HPC_HANDOFF_PACKAGE/work/math_agent/nonextendible_structure/rep88_join_shards/15.time	777	6279f2e2427e4ac0d40ed292139acaa667d77a51e432103d16013f5cbfe6e588
Q10_HPC_HANDOFF_PACKAGE/work/math_agent/nonextendible_structure/rep88_join_shards/16.exit	3	5378796307535df3ec8d8b15a2e2dc5641419c3d3060cfe32238c0fa973f7aa3
Q10_HPC_HANDOFF_PACKAGE/work/math_agent/nonextendible_structure/rep88_join_shards/16.out	282	35ee69de4eb90a07f074224b37d14c13db1446f492615cce33738821cc990bf9
Q10_HPC_HANDOFF_PACKAGE/work/math_agent/nonextendible_structure/rep88_join_shards/16.time	777	dcb5cfe6f9737e27656469b254fa015c3e3aac5b52e1a3a4590a8f55e362e2f5
Q10_HPC_HANDOFF_PACKAGE/work/math_agent/nonextendible_structure/rep88_join_shards/17.exit	3	5378796307535df3ec8d8b15a2e2dc5641419c3d3060cfe32238c0fa973f7aa3
Q10_HPC_HANDOFF_PACKAGE/work/math_agent/nonextendible_structure/rep88_join_shards/17.out	280	c6480a6790f836b1fe5cae7ce9cc8a752312d1116f1dbaef1c0d4821f4301de8
Q10_HPC_HANDOFF_PACKAGE/work/math_agent/nonextendible_structure/rep88_join_shards/17.time	777	99a276bac7b7dcba8573e3514064d98b9d6509c9207d42c06b3a698443766d28
Q10_HPC_HANDOFF_PACKAGE/work/math_agent/nonextendible_structure/rep88_join_shards/18.exit	3	5378796307535df3ec8d8b15a2e2dc5641419c3d3060cfe32238c0fa973f7aa3
Q10_HPC_HANDOFF_PACKAGE/work/math_agent/nonextendible_structure/rep88_join_shards/18.out	282	faf3e14f52b80d0247c170df3fc114d9599a83c703c8fc2111767318a9ac76cb
Q10_HPC_HANDOFF_PACKAGE/work/math_agent/nonextendible_structure/rep88_join_shards/18.time	777	19d0610b5239e581262bc99120dbc6b93e73fff6d4dff0d35d09b5f180cc0f96
Q10_HPC_HANDOFF_PACKAGE/work/math_agent/nonextendible_structure/rep88_join_shards/19.exit	3	5378796307535df3ec8d8b15a2e2dc5641419c3d3060cfe32238c0fa973f7aa3
Q10_HPC_HANDOFF_PACKAGE/work/math_agent/nonextendible_structure/rep88_join_shards/19.out	283	f1e4ecd45a684d5123a23abc5fee97e713d6c39224318af0acb9a99a97ecc5e3
Q10_HPC_HANDOFF_PACKAGE/work/math_agent/nonextendible_structure/rep88_join_shards/19.time	777	b54139a6167b353ec18be91ce81568f0bc535068a0ef8429727a317f514502d2
Q10_HPC_HANDOFF_PACKAGE/work/math_agent/nonextendible_structure/rep88_join_shards/20.exit	3	5378796307535df3ec8d8b15a2e2dc5641419c3d3060cfe32238c0fa973f7aa3
Q10_HPC_HANDOFF_PACKAGE/work/math_agent/nonextendible_structure/rep88_join_shards/20.out	283	1b647be47136b1d9bd39420dcc7d301d3602f4f593e7c3269151b7dea539347b
Q10_HPC_HANDOFF_PACKAGE/work/math_agent/nonextendible_structure/rep88_join_shards/20.time	777	3fb9e638508263e7c6052ea691d108850ac71af8e7bb80ba70dfe836f121b841
Q10_HPC_HANDOFF_PACKAGE/work/math_agent/nonextendible_structure/rep88_join_shards/21.exit	3	5378796307535df3ec8d8b15a2e2dc5641419c3d3060cfe32238c0fa973f7aa3
Q10_HPC_HANDOFF_PACKAGE/work/math_agent/nonextendible_structure/rep88_join_shards/21.out	283	b786288576a3d3f7800bd6f5852edf633c954853b41d139674393b9c47cb9973
Q10_HPC_HANDOFF_PACKAGE/work/math_agent/nonextendible_structure/rep88_join_shards/21.time	777	cbf7478ed55352a2f0ad2d89e0bae2235052e1cecd56ba570bcc8b19d49edaef
Q10_HPC_HANDOFF_PACKAGE/work/math_agent/nonextendible_structure/rep88_join_shards/22.exit	3	5378796307535df3ec8d8b15a2e2dc5641419c3d3060cfe32238c0fa973f7aa3
Q10_HPC_HANDOFF_PACKAGE/work/math_agent/nonextendible_structure/rep88_join_shards/22.out	283	023e8bae81e03e518c6cd677045fdd0b1efd8a0633f0ad5edff19d9de4e7b538
Q10_HPC_HANDOFF_PACKAGE/work/math_agent/nonextendible_structure/rep88_join_shards/22.time	777	b9d62949033482e3b9305bac1a4b51c2681f55e0309b8071434487eecb307a60
Q10_HPC_HANDOFF_PACKAGE/work/math_agent/nonextendible_structure/rep88_join_shards/23.exit	3	5378796307535df3ec8d8b15a2e2dc5641419c3d3060cfe32238c0fa973f7aa3
Q10_HPC_HANDOFF_PACKAGE/work/math_agent/nonextendible_structure/rep88_join_shards/23.out	283	7e717e040f00005ec18f550092f03690050bc1da12a8af2d4aab96eebdc33d21
Q10_HPC_HANDOFF_PACKAGE/work/math_agent/nonextendible_structure/rep88_join_shards/23.time	777	2f436c43e543351a8d58f5f919a8bfe5cc51182811ac4bfd8e393efa4acd0396
Q10_HPC_HANDOFF_PACKAGE/work/math_agent/nonextendible_structure/rep88_join_shards/24.exit	3	5378796307535df3ec8d8b15a2e2dc5641419c3d3060cfe32238c0fa973f7aa3
Q10_HPC_HANDOFF_PACKAGE/work/math_agent/nonextendible_structure/rep88_join_shards/24.out	282	7885542dcb00be02c9f7510a2642a28ed8eabd3eb16386ed86ec7b2d7a111733
Q10_HPC_HANDOFF_PACKAGE/work/math_agent/nonextendible_structure/rep88_join_shards/24.time	777	589425783e6bd9a51413f6b60b4da1cd65f41871247307a534f4cef4f4195059
Q10_HPC_HANDOFF_PACKAGE/work/math_agent/nonextendible_structure/rep88_join_shards/25.exit	3	5378796307535df3ec8d8b15a2e2dc5641419c3d3060cfe32238c0fa973f7aa3
Q10_HPC_HANDOFF_PACKAGE/work/math_agent/nonextendible_structure/rep88_join_shards/25.out	282	d7b5f87f881359e1fc730a3e17fa092bed541338491f23440cb61404002f1ded
Q10_HPC_HANDOFF_PACKAGE/work/math_agent/nonextendible_structure/rep88_join_shards/25.time	777	3491033c710bf7a14138ae310b9b9b83509bcba8ad49f391b44744c462b48f89
Q10_HPC_HANDOFF_PACKAGE/work/math_agent/nonextendible_structure/rep88_join_shards/26.exit	3	5378796307535df3ec8d8b15a2e2dc5641419c3d3060cfe32238c0fa973f7aa3
Q10_HPC_HANDOFF_PACKAGE/work/math_agent/nonextendible_structure/rep88_join_shards/26.out	282	438851ce4d28ba8060c2c9c3fc9eab9ce8f7081a544cf52cc101dfb0e064d9c2
Q10_HPC_HANDOFF_PACKAGE/work/math_agent/nonextendible_structure/rep88_join_shards/26.time	777	5722e6a0117e5f37cba879ad40ae3c9e5719bbbed3c71c595430ce484cd079e6
Q10_HPC_HANDOFF_PACKAGE/work/math_agent/nonextendible_structure/rep88_join_shards/27.exit	3	5378796307535df3ec8d8b15a2e2dc5641419c3d3060cfe32238c0fa973f7aa3
Q10_HPC_HANDOFF_PACKAGE/work/math_agent/nonextendible_structure/rep88_join_shards/27.out	283	8eac2f5630e14f3aabd754a59697070e2dc81c21b8f89a4000a64748571c58e1
Q10_HPC_HANDOFF_PACKAGE/work/math_agent/nonextendible_structure/rep88_join_shards/27.time	777	b578603528b3269162b2fc075797fac2bb9109c3174daf3022b5ea29a90f3360
Q10_HPC_HANDOFF_PACKAGE/work/math_agent/nonextendible_structure/rep88_join_shards/28.exit	3	5378796307535df3ec8d8b15a2e2dc5641419c3d3060cfe32238c0fa973f7aa3
Q10_HPC_HANDOFF_PACKAGE/work/math_agent/nonextendible_structure/rep88_join_shards/28.out	283	c950bcc39e2f7e8dda9e2e7113b734c0e738d91a221902742c6ad5edd2eb9465
Q10_HPC_HANDOFF_PACKAGE/work/math_agent/nonextendible_structure/rep88_join_shards/28.time	777	e6a03bd9fbf0e6f6b92847c30fcaf732c7d3c28965f39ebc827a430f6cdfb7c5
Q10_HPC_HANDOFF_PACKAGE/work/math_agent/nonextendible_structure/rep88_join_shards/29.exit	3	5378796307535df3ec8d8b15a2e2dc5641419c3d3060cfe32238c0fa973f7aa3
Q10_HPC_HANDOFF_PACKAGE/work/math_agent/nonextendible_structure/rep88_join_shards/29.out	283	80bc5f083dede710cb124f31064a63da0eaf36a590644c3ec63b5bca17d232b7
Q10_HPC_HANDOFF_PACKAGE/work/math_agent/nonextendible_structure/rep88_join_shards/29.time	777	ac50aba0ac817f498ba0fc3f135a6b2be9b1321eae0c31f29d1c69d4ff55bc4e
Q10_HPC_HANDOFF_PACKAGE/work/math_agent/nonextendible_structure/rep88_join_shards/30.exit	3	5378796307535df3ec8d8b15a2e2dc5641419c3d3060cfe32238c0fa973f7aa3
Q10_HPC_HANDOFF_PACKAGE/work/math_agent/nonextendible_structure/rep88_join_shards/30.out	283	4b8cd8ebf5b6ca9c30a171f6e9e3f4d55db2d426989d50596c7677c6e85058a0
Q10_HPC_HANDOFF_PACKAGE/work/math_agent/nonextendible_structure/rep88_join_shards/30.time	777	76c29b352d5c7455ac77c611f9ab3e8012001c1b2d75a1bd086e76517a7f61aa
Q10_HPC_HANDOFF_PACKAGE/work/math_agent/nonextendible_structure/rep88_join_shards/31.exit	3	5378796307535df3ec8d8b15a2e2dc5641419c3d3060cfe32238c0fa973f7aa3
Q10_HPC_HANDOFF_PACKAGE/work/math_agent/nonextendible_structure/rep88_join_shards/31.out	283	92620b73bb4951eacce55e2b37873067d899fb221891876ba3e53fc0f1755f7a
Q10_HPC_HANDOFF_PACKAGE/work/math_agent/nonextendible_structure/rep88_join_shards/31.time	777	22024f6793365e65bf540c0a48b7fff7a863a6f82766413160f91e8381ee2d1a
Q10_HPC_HANDOFF_PACKAGE/work/math_agent/nonextendible_structure/rep88_join_shards/32.exit	3	5378796307535df3ec8d8b15a2e2dc5641419c3d3060cfe32238c0fa973f7aa3
Q10_HPC_HANDOFF_PACKAGE/work/math_agent/nonextendible_structure/rep88_join_shards/32.out	280	74a4ef8a2c4746cac2626ba38a2122e4f13cab09c379d9c4afd82224c6d5af45
Q10_HPC_HANDOFF_PACKAGE/work/math_agent/nonextendible_structure/rep88_join_shards/32.time	777	04afa23c373b8606e1d360b80ec1b793f2e8dd58e9fa69911a74604ecb51e548
Q10_HPC_HANDOFF_PACKAGE/work/math_agent/nonextendible_structure/rep88_join_shards/33.exit	3	5378796307535df3ec8d8b15a2e2dc5641419c3d3060cfe32238c0fa973f7aa3
Q10_HPC_HANDOFF_PACKAGE/work/math_agent/nonextendible_structure/rep88_join_shards/33.out	284	3c3e9ff8163a3005e0bf92bdd99523dfa89654600464497acd5f9b6301a56667
Q10_HPC_HANDOFF_PACKAGE/work/math_agent/nonextendible_structure/rep88_join_shards/33.time	777	4f24933ab0626e60120c8e696c4df012fa30bbd5613f965cb56e4da9d94f5964
Q10_HPC_HANDOFF_PACKAGE/work/math_agent/nonextendible_structure/rep88_join_shards/34.exit	3	5378796307535df3ec8d8b15a2e2dc5641419c3d3060cfe32238c0fa973f7aa3
Q10_HPC_HANDOFF_PACKAGE/work/math_agent/nonextendible_structure/rep88_join_shards/34.out	281	2550a40214708e969f887d84a14962fb738def1ed69b129412e7ff1cd0827c99
Q10_HPC_HANDOFF_PACKAGE/work/math_agent/nonextendible_structure/rep88_join_shards/34.time	777	cb0e709559ae65c4193f41b3aedf4ffe80e05a05ef9cc681948e585f0c158e01
Q10_HPC_HANDOFF_PACKAGE/work/math_agent/nonextendible_structure/rep88_join_shards/35.exit	3	5378796307535df3ec8d8b15a2e2dc5641419c3d3060cfe32238c0fa973f7aa3
Q10_HPC_HANDOFF_PACKAGE/work/math_agent/nonextendible_structure/rep88_join_shards/35.out	281	1f6533945bcfc1d4dc9005c313a00112be739c57d38eb4f57dc29de8adb61cc6
Q10_HPC_HANDOFF_PACKAGE/work/math_agent/nonextendible_structure/rep88_join_shards/35.time	777	b87ea8754418fdc7a655cd7c8d9f15284442d083697cc0e9f34996aa120cbcd9
Q10_HPC_HANDOFF_PACKAGE/work/math_agent/nonextendible_structure/rep88_join_shards/36.exit	3	5378796307535df3ec8d8b15a2e2dc5641419c3d3060cfe32238c0fa973f7aa3
Q10_HPC_HANDOFF_PACKAGE/work/math_agent/nonextendible_structure/rep88_join_shards/36.out	281	6b6c858eb2332147272887d5aac25f1df2b2f3f2a973d6b860926fcea9d1be72
Q10_HPC_HANDOFF_PACKAGE/work/math_agent/nonextendible_structure/rep88_join_shards/36.time	777	4700c941e7a10947eee0a82c85f66d07f55112ec8d9e54729bb1e704b607c67f
Q10_HPC_HANDOFF_PACKAGE/work/math_agent/nonextendible_structure/rep88_join_shards/37.exit	3	5378796307535df3ec8d8b15a2e2dc5641419c3d3060cfe32238c0fa973f7aa3
Q10_HPC_HANDOFF_PACKAGE/work/math_agent/nonextendible_structure/rep88_join_shards/37.out	282	558beb3fcc1539612b71b28289f64716fbea902275b604d72f05eb0052350916
Q10_HPC_HANDOFF_PACKAGE/work/math_agent/nonextendible_structure/rep88_join_shards/37.time	777	74a20154ecf2bc108608c3d3a3b3399768072bead15da5d183001fb9b8cde2a3
Q10_HPC_HANDOFF_PACKAGE/work/math_agent/nonextendible_structure/rep88_join_shards/38.exit	3	5378796307535df3ec8d8b15a2e2dc5641419c3d3060cfe32238c0fa973f7aa3
Q10_HPC_HANDOFF_PACKAGE/work/math_agent/nonextendible_structure/rep88_join_shards/38.out	282	c74e84339151a4e0d04dd104b7e8ddf499f27ae18fb6e31d2a44166448914a7c
Q10_HPC_HANDOFF_PACKAGE/work/math_agent/nonextendible_structure/rep88_join_shards/38.time	777	a471eeda8972fe688ca511b2e2d2c53a12433cc622f318e9346293a0083416b1
Q10_HPC_HANDOFF_PACKAGE/work/math_agent/nonextendible_structure/rep88_join_shards/39.exit	3	5378796307535df3ec8d8b15a2e2dc5641419c3d3060cfe32238c0fa973f7aa3
Q10_HPC_HANDOFF_PACKAGE/work/math_agent/nonextendible_structure/rep88_join_shards/39.out	282	a3bbcf84f983c5dc76eb5019e39514a3733b8fbf864915299ea1b25c0f284555
Q10_HPC_HANDOFF_PACKAGE/work/math_agent/nonextendible_structure/rep88_join_shards/39.time	777	74ebad3aabf176875b3bbbc1db6b83eea9551ec7e9e035cbb5881ef12e877eab
Q10_HPC_HANDOFF_PACKAGE/work/math_agent/nonextendible_structure/rep88_join_shards/40.exit	3	5378796307535df3ec8d8b15a2e2dc5641419c3d3060cfe32238c0fa973f7aa3
Q10_HPC_HANDOFF_PACKAGE/work/math_agent/nonextendible_structure/rep88_join_shards/40.out	277	5ac69660a5cf484bcbaf36795046ae855c5e58f70254b70b3d95e70a163cb449
Q10_HPC_HANDOFF_PACKAGE/work/math_agent/nonextendible_structure/rep88_join_shards/40.time	777	a4fc54a5673791ce70509b7fae1e90c4b981d408f971c0b8a8bfdfa949bb81fe
Q10_HPC_HANDOFF_PACKAGE/work/math_agent/nonextendible_structure/rep88_join_shards/41.exit	3	5378796307535df3ec8d8b15a2e2dc5641419c3d3060cfe32238c0fa973f7aa3
Q10_HPC_HANDOFF_PACKAGE/work/math_agent/nonextendible_structure/rep88_join_shards/41.out	278	6995eb52a56a6ead25c4c8662b37de4fac56e876e69c05fd68a5fc5b53cf7f81
Q10_HPC_HANDOFF_PACKAGE/work/math_agent/nonextendible_structure/rep88_join_shards/41.time	777	fed61e1c4bc803051cb8e837f687e5486d02cfbc310425820fa0765c6142ae23
Q10_HPC_HANDOFF_PACKAGE/work/math_agent/nonextendible_structure/rep88_join_shards/42.exit	3	5378796307535df3ec8d8b15a2e2dc5641419c3d3060cfe32238c0fa973f7aa3
Q10_HPC_HANDOFF_PACKAGE/work/math_agent/nonextendible_structure/rep88_join_shards/42.out	278	555506424342021cd09dad172338e8da887b99adb6fad67191ee4249ac041d96
Q10_HPC_HANDOFF_PACKAGE/work/math_agent/nonextendible_structure/rep88_join_shards/42.time	777	9cae929c679b1a5f42e97c510b173018a13df47ab4e44e9545f83cfeb585baa5
Q10_HPC_HANDOFF_PACKAGE/work/math_agent/nonextendible_structure/rep88_join_shards/43.exit	3	5378796307535df3ec8d8b15a2e2dc5641419c3d3060cfe32238c0fa973f7aa3
Q10_HPC_HANDOFF_PACKAGE/work/math_agent/nonextendible_structure/rep88_join_shards/43.out	278	6a50ccd950f1c60e65d00e5b4671650ef957aabaa651f39a8be61fed0c7a96f1
Q10_HPC_HANDOFF_PACKAGE/work/math_agent/nonextendible_structure/rep88_join_shards/43.time	777	84271492e2ba9d7067dceb70dd5ae41bd9ab71c8d2319c46c492cd1588b6d48f
Q10_HPC_HANDOFF_PACKAGE/work/math_agent/nonextendible_structure/rep88_join_shards/44.exit	3	5378796307535df3ec8d8b15a2e2dc5641419c3d3060cfe32238c0fa973f7aa3
Q10_HPC_HANDOFF_PACKAGE/work/math_agent/nonextendible_structure/rep88_join_shards/44.out	278	f86ed9b344cb10d73ff77daf9723f60174061a7ee0d3a60277d0984749ab9dec
Q10_HPC_HANDOFF_PACKAGE/work/math_agent/nonextendible_structure/rep88_join_shards/44.time	777	f6dd356eaf2875b619882f2bee01fa68c383dc14b4465115d8a6b9077a3f80d5
Q10_HPC_HANDOFF_PACKAGE/work/math_agent/nonextendible_structure/rep88_join_shards/45.exit	3	5378796307535df3ec8d8b15a2e2dc5641419c3d3060cfe32238c0fa973f7aa3
Q10_HPC_HANDOFF_PACKAGE/work/math_agent/nonextendible_structure/rep88_join_shards/45.out	276	61f99c366eaa2f7bb329c874c1ab6b5f6bc111ef68c347cef098d5ed2cada48a
Q10_HPC_HANDOFF_PACKAGE/work/math_agent/nonextendible_structure/rep88_join_shards/45.time	777	20b4691ca87f5efc2d41bcf628916747e43d59a93730bb5dfdcb48133a73fd45
Q10_HPC_HANDOFF_PACKAGE/work/math_agent/nonextendible_structure/rep88_join_shards/46.exit	3	5378796307535df3ec8d8b15a2e2dc5641419c3d3060cfe32238c0fa973f7aa3
Q10_HPC_HANDOFF_PACKAGE/work/math_agent/nonextendible_structure/rep88_join_shards/46.out	277	439fadcab2be0a3e3c5e03d167873a2583f66db43361da721338f2504d0d3732
Q10_HPC_HANDOFF_PACKAGE/work/math_agent/nonextendible_structure/rep88_join_shards/46.time	777	b3ca84ad7f108f9f920576f87d58b8f0569d961d5c76ac61e99d4e4c30c40a0f
Q10_HPC_HANDOFF_PACKAGE/work/math_agent/nonextendible_structure/rep88_join_shards/47.exit	3	5378796307535df3ec8d8b15a2e2dc5641419c3d3060cfe32238c0fa973f7aa3
Q10_HPC_HANDOFF_PACKAGE/work/math_agent/nonextendible_structure/rep88_join_shards/47.out	277	ed857e8af177fadbe35211c462ba6bcbdba8264fc4da6831d9a313fd1f4cd25e
Q10_HPC_HANDOFF_PACKAGE/work/math_agent/nonextendible_structure/rep88_join_shards/47.time	777	f372d2236dde1e64e2515afad75badcf996593ff7b9ee7f3d07a73c22e4322f8
Q10_HPC_HANDOFF_PACKAGE/work/math_agent/nonextendible_structure/rep88_join_shards/48.exit	3	5378796307535df3ec8d8b15a2e2dc5641419c3d3060cfe32238c0fa973f7aa3
Q10_HPC_HANDOFF_PACKAGE/work/math_agent/nonextendible_structure/rep88_join_shards/48.out	277	604218d60b3ae3018471ef69baee0530ab983219a1b00a281282c25e97c0563c
Q10_HPC_HANDOFF_PACKAGE/work/math_agent/nonextendible_structure/rep88_join_shards/48.time	777	e797d02b633417bf486a33549b2294428dbf395211c451ace128415f59cf1420
Q10_HPC_HANDOFF_PACKAGE/work/math_agent/nonextendible_structure/rep88_join_shards/49.exit	3	5378796307535df3ec8d8b15a2e2dc5641419c3d3060cfe32238c0fa973f7aa3
Q10_HPC_HANDOFF_PACKAGE/work/math_agent/nonextendible_structure/rep88_join_shards/49.out	275	72703b7db92c97b0deb65d5687ec35c339c02f6b2537764a349fe9428c76c5ad
Q10_HPC_HANDOFF_PACKAGE/work/math_agent/nonextendible_structure/rep88_join_shards/49.time	777	2e1c1274061b3ebf32dd67ddb6442f8b623a3f63fc1ee13953723545e70e0ddb
Q10_HPC_HANDOFF_PACKAGE/work/math_agent/nonextendible_structure/rep88_join_shards/50.exit	3	5378796307535df3ec8d8b15a2e2dc5641419c3d3060cfe32238c0fa973f7aa3
Q10_HPC_HANDOFF_PACKAGE/work/math_agent/nonextendible_structure/rep88_join_shards/50.out	274	4eb74148efa4127cfd2ead2eeceff0bf62ee72ecb21f3e0f177a83c82e832197
Q10_HPC_HANDOFF_PACKAGE/work/math_agent/nonextendible_structure/rep88_join_shards/50.time	777	b8eb2eee8b6ab5d7deff23a53229a108f48b0f4c47713926f388ed3bda2bcd30
Q10_HPC_HANDOFF_PACKAGE/work/math_agent/nonextendible_structure/rep88_join_shards/51.exit	3	5378796307535df3ec8d8b15a2e2dc5641419c3d3060cfe32238c0fa973f7aa3
Q10_HPC_HANDOFF_PACKAGE/work/math_agent/nonextendible_structure/rep88_join_shards/51.out	273	b9a1131363a69557a0478bb447b6a1b6492d103994ca1a447d38a3d8b024f731
Q10_HPC_HANDOFF_PACKAGE/work/math_agent/nonextendible_structure/rep88_join_shards/51.time	777	2324f9dab1643a9b20243822f040124ebf799b44f82dd411499d2c9b0be5159e
Q10_HPC_HANDOFF_PACKAGE/work/math_agent/nonextendible_structure/rep88_join_shards/52.exit	3	5378796307535df3ec8d8b15a2e2dc5641419c3d3060cfe32238c0fa973f7aa3
Q10_HPC_HANDOFF_PACKAGE/work/math_agent/nonextendible_structure/rep88_join_shards/52.out	268	b9c40ad103f00df3762812d4a1cb45bf4fcaae40d651cf605815c5c7ce06d565
Q10_HPC_HANDOFF_PACKAGE/work/math_agent/nonextendible_structure/rep88_join_shards/52.time	777	ed2ba365d95dbdc61b14182c644a5f0986bb120ab407aa102e3535ca745a644b
Q10_HPC_HANDOFF_PACKAGE/work/math_agent/nonextendible_structure/rep88_join_shards/53.exit	3	5378796307535df3ec8d8b15a2e2dc5641419c3d3060cfe32238c0fa973f7aa3
Q10_HPC_HANDOFF_PACKAGE/work/math_agent/nonextendible_structure/rep88_join_shards/53.out	268	3d91f01785aaaf53a73b6a3d31e355e4118535ee468632dd3330a74b33a3927d
Q10_HPC_HANDOFF_PACKAGE/work/math_agent/nonextendible_structure/rep88_join_shards/53.time	777	bcacab099d77d5a9d4d42368332ce9180c59c937ed6c0cb0a2cc4a2c16c40707
Q10_HPC_HANDOFF_PACKAGE/work/math_agent/nonextendible_structure/rep88_join_shards/54.exit	3	5378796307535df3ec8d8b15a2e2dc5641419c3d3060cfe32238c0fa973f7aa3
Q10_HPC_HANDOFF_PACKAGE/work/math_agent/nonextendible_structure/rep88_join_shards/54.out	268	cf7d37318e5fae941c168c98c7a16147e474dd495f4f0e874dbfc2de92b6e15d
Q10_HPC_HANDOFF_PACKAGE/work/math_agent/nonextendible_structure/rep88_join_shards/54.time	777	7e062bfa90f02f36245b1ec03ee5e0b7205a742b3dcb873b016f2afa26b9d168
Q10_HPC_HANDOFF_PACKAGE/work/math_agent/nonextendible_structure/rep88_join_shards/audit.json	42670	833d6380c9d1620b800cadfb8c6388be4dbbbada721677e1f38e6997840c2b61
Q10_HPC_HANDOFF_PACKAGE/work/math_agent/nonextendible_structure/rep88_join_shards/run.meta	541	f7065a77cd3a1a5f3df1e878bea1f55953caadabd6309e1c2a513e37d812c65b
Q10_HPC_HANDOFF_PACKAGE/work/solver_agent/cap20_rep17_all_masks_v4.hex	32073088	d6e04b6b027de103703ea903c191233dbaa0764df9fafb206d669aec3145dcc3
Q10_HPC_HANDOFF_PACKAGE/work/solver_agent/cap20_rep76_all_masks_v4.hex	8072928	d4b6ba4d66754097779b6d82c162a5db70577cb0ffc4a35731db72af6756ce5f
Q10_HPC_HANDOFF_PACKAGE/work/solver_agent/cap20_rep88_runner_v1/all_masks.hex	3529696	6d9944f33a2689d5c2fdfaaf9158392e160fee62bb032d2a035e52723dcc353f
