artifact	bytes	sha256	role
p123_independent_verifier.cpp	16799	fead71b869a063e8947ce7c0cf1af461eff2c720b34b9b774df33929fadffb78	frozen input/verifier
p123_independent_verifier	77800	117e2e5f4de9ec4ba8b575678317d9dbb18e354f771fcdbeb511e19a3b044180	frozen input/verifier
p1_independent_search.cpp	17767	825b3a3d6e8d8c926d8a14c8725175188ab8b0e6d8b0c97e7e4916b2e45da1e8	frozen input/verifier
caps21_r0_diag.hex	1138016	c4ba6b9aa11f4b9b7d1f7c2cd74eada8b727c40851c57e25a553142c4e12df3e	frozen input/verifier
caps21_r1_diag.hex	1070304	62d025e2de26afe788057cc1a4525302d8a56c1be8ae4baf3d6d129f115b3895	frozen input/verifier
caps21_r2_diag.hex	2057056	14f89035771e3428d0d6465d02ebea8430fb101cd0d6e3c972a8e98062d180e5	frozen input/verifier
caps21_r3_diag.hex	2768896	92f7ea6aec073e2b335e089a56634f08ba34d1dab18e6b3c3935b70c2a157b42	frozen input/verifier
caps21_r4_diag.hex	6847424	b1df4d6c48aeaad56d674b688e9398d05ef529409a9f4502fac212a7f4f78060	frozen input/verifier
caps21_r5_diag.hex	4865088	47d59957a0f5f3d83298041cf4d8a3f99c5f5dc5211524c42e74235ea2561f9e	frozen input/verifier
