0	PASS	UNSAT_RELATIVE_TO_COMPLETE_CAP_CATALOGUE	904514	104.42
1	PASS	UNSAT_RELATIVE_TO_COMPLETE_CAP_CATALOGUE	2736306	2367.19
2	PASS	UNSAT_RELATIVE_TO_COMPLETE_CAP_CATALOGUE	927674	83.4612
3	PASS	UNSAT_RELATIVE_TO_COMPLETE_CAP_CATALOGUE	826351	56.7399
4	PASS	UNSAT_RELATIVE_TO_COMPLETE_CAP_CATALOGUE	1143451	135.156
5	PASS	UNSAT_RELATIVE_TO_COMPLETE_CAP_CATALOGUE	749891	39.7517
6	PASS	UNSAT_RELATIVE_TO_COMPLETE_CAP_CATALOGUE	1078354	131.892
7	PASS	UNSAT_RELATIVE_TO_COMPLETE_CAP_CATALOGUE	1560779	377.264
8	PASS	UNSAT_RELATIVE_TO_COMPLETE_CAP_CATALOGUE	593706	36.6954
9	PASS	UNSAT_RELATIVE_TO_COMPLETE_CAP_CATALOGUE	1870538	525.291
10	PASS	UNSAT_RELATIVE_TO_COMPLETE_CAP_CATALOGUE	1487595	303.479
11	PASS	UNSAT_RELATIVE_TO_COMPLETE_CAP_CATALOGUE	1477063	181.721
12	PASS	UNSAT_RELATIVE_TO_COMPLETE_CAP_CATALOGUE	597656	55.1851
13	PASS	UNSAT_RELATIVE_TO_COMPLETE_CAP_CATALOGUE	466964	15.8954
14	PASS	UNSAT_RELATIVE_TO_COMPLETE_CAP_CATALOGUE	2037127	761.695
15	PASS	UNSAT_RELATIVE_TO_COMPLETE_CAP_CATALOGUE	499093	22.2318
16	PASS	UNSAT_RELATIVE_TO_COMPLETE_CAP_CATALOGUE	201976	3.60388
18	PASS	UNSAT_RELATIVE_TO_COMPLETE_CAP_CATALOGUE	1475372	277.749
19	PASS	UNSAT_RELATIVE_TO_COMPLETE_CAP_CATALOGUE	965765	85.4833
20	PASS	UNSAT_RELATIVE_TO_COMPLETE_CAP_CATALOGUE	371658	14.5226
21	PASS	UNSAT_RELATIVE_TO_COMPLETE_CAP_CATALOGUE	1265706	177.421
22	PASS	UNSAT_RELATIVE_TO_COMPLETE_CAP_CATALOGUE	1192989	170.975
23	PASS	UNSAT_RELATIVE_TO_COMPLETE_CAP_CATALOGUE	778367	105.195
24	PASS	UNSAT_RELATIVE_TO_COMPLETE_CAP_CATALOGUE	1477794	221.584
25	PASS	UNSAT_RELATIVE_TO_COMPLETE_CAP_CATALOGUE	793178	58.6384
26	PASS	UNSAT_RELATIVE_TO_COMPLETE_CAP_CATALOGUE	278257	6.53726
27	PASS	UNSAT_RELATIVE_TO_COMPLETE_CAP_CATALOGUE	378229	11.0261
28	PASS	UNSAT_RELATIVE_TO_COMPLETE_CAP_CATALOGUE	387034	13.1209
29	PASS	UNSAT_RELATIVE_TO_COMPLETE_CAP_CATALOGUE	935684	60.8634
30	PASS	UNSAT_RELATIVE_TO_COMPLETE_CAP_CATALOGUE	825162	52.5748
31	PASS	UNSAT_RELATIVE_TO_COMPLETE_CAP_CATALOGUE	1021250	68.6574
32	PASS	UNSAT_RELATIVE_TO_COMPLETE_CAP_CATALOGUE	1627736	311.744
33	PASS	UNSAT_RELATIVE_TO_COMPLETE_CAP_CATALOGUE	451200	13.849
34	PASS	UNSAT_RELATIVE_TO_COMPLETE_CAP_CATALOGUE	1323454	267.524
35	PASS	UNSAT_RELATIVE_TO_COMPLETE_CAP_CATALOGUE	1241256	204.587
36	PASS	UNSAT_RELATIVE_TO_COMPLETE_CAP_CATALOGUE	1601147	469.33
37	PASS	UNSAT_RELATIVE_TO_COMPLETE_CAP_CATALOGUE	433271	12.8115
38	PASS	UNSAT_RELATIVE_TO_COMPLETE_CAP_CATALOGUE	403307	8.33487
39	PASS	UNSAT_RELATIVE_TO_COMPLETE_CAP_CATALOGUE	560389	25.7424
40	PASS	UNSAT_RELATIVE_TO_COMPLETE_CAP_CATALOGUE	416121	10.4691
41	PASS	UNSAT_RELATIVE_TO_COMPLETE_CAP_CATALOGUE	965872	83.5211
42	PASS	UNSAT_RELATIVE_TO_COMPLETE_CAP_CATALOGUE	1706436	230.863
43	PASS	UNSAT_RELATIVE_TO_COMPLETE_CAP_CATALOGUE	782833	38.2242
44	PASS	UNSAT_RELATIVE_TO_COMPLETE_CAP_CATALOGUE	388489	11.9332
45	PASS	UNSAT_RELATIVE_TO_COMPLETE_CAP_CATALOGUE	571320	31.4882
46	PASS	UNSAT_RELATIVE_TO_COMPLETE_CAP_CATALOGUE	1535958	355.757
47	PASS	UNSAT_RELATIVE_TO_COMPLETE_CAP_CATALOGUE	554643	26.4757
48	PASS	UNSAT_RELATIVE_TO_COMPLETE_CAP_CATALOGUE	619456	49.027
49	PASS	UNSAT_RELATIVE_TO_COMPLETE_CAP_CATALOGUE	2446454	959.764
50	PASS	UNSAT_RELATIVE_TO_COMPLETE_CAP_CATALOGUE	686165	46.0446
51	PASS	UNSAT_RELATIVE_TO_COMPLETE_CAP_CATALOGUE	814122	53.4747
52	PASS	UNSAT_RELATIVE_TO_COMPLETE_CAP_CATALOGUE	430672	9.64119
54	PASS	UNSAT_RELATIVE_TO_COMPLETE_CAP_CATALOGUE	657331	46.0951
55	PASS	UNSAT_RELATIVE_TO_COMPLETE_CAP_CATALOGUE	638503	62.0139
56	PASS	UNSAT_RELATIVE_TO_COMPLETE_CAP_CATALOGUE	195336	4.54817
57	PASS	UNSAT_RELATIVE_TO_COMPLETE_CAP_CATALOGUE	1324535	253.524
58	PASS	UNSAT_RELATIVE_TO_COMPLETE_CAP_CATALOGUE	491875	25.809
59	PASS	UNSAT_RELATIVE_TO_COMPLETE_CAP_CATALOGUE	1791753	441.533
60	PASS	UNSAT_RELATIVE_TO_COMPLETE_CAP_CATALOGUE	431486	19.1272
61	PASS	UNSAT_RELATIVE_TO_COMPLETE_CAP_CATALOGUE	965134	73.169
62	PASS	UNSAT_RELATIVE_TO_COMPLETE_CAP_CATALOGUE	313232	14.3268
63	PASS	UNSAT_RELATIVE_TO_COMPLETE_CAP_CATALOGUE	697361	52.2598
64	PASS	UNSAT_RELATIVE_TO_COMPLETE_CAP_CATALOGUE	808369	64.5964
65	PASS	UNSAT_RELATIVE_TO_COMPLETE_CAP_CATALOGUE	673086	108.875
66	PASS	UNSAT_RELATIVE_TO_COMPLETE_CAP_CATALOGUE	890940	75.3696
67	PASS	UNSAT_RELATIVE_TO_COMPLETE_CAP_CATALOGUE	500983	21.5816
68	PASS	UNSAT_RELATIVE_TO_COMPLETE_CAP_CATALOGUE	393666	22.5568
69	PASS	UNSAT_RELATIVE_TO_COMPLETE_CAP_CATALOGUE	740401	63.1481
70	PASS	UNSAT_RELATIVE_TO_COMPLETE_CAP_CATALOGUE	406532	16.6773
71	PASS	UNSAT_RELATIVE_TO_COMPLETE_CAP_CATALOGUE	696427	72.2688
72	PASS	UNSAT_RELATIVE_TO_COMPLETE_CAP_CATALOGUE	499099	19.7493
73	PASS	UNSAT_RELATIVE_TO_COMPLETE_CAP_CATALOGUE	606835	48.3344
74	PASS	UNSAT_RELATIVE_TO_COMPLETE_CAP_CATALOGUE	496098	32.6882
75	PASS	UNSAT_RELATIVE_TO_COMPLETE_CAP_CATALOGUE	674886	43.5143
77	PASS	UNSAT_RELATIVE_TO_COMPLETE_CAP_CATALOGUE	1157502	178.213
78	PASS	UNSAT_RELATIVE_TO_COMPLETE_CAP_CATALOGUE	586908	61.9564
79	PASS	UNSAT_RELATIVE_TO_COMPLETE_CAP_CATALOGUE	507713	30.507
80	PASS	UNSAT_RELATIVE_TO_COMPLETE_CAP_CATALOGUE	715410	32.8219
81	PASS	UNSAT_RELATIVE_TO_COMPLETE_CAP_CATALOGUE	1758261	767.78
82	PASS	UNSAT_RELATIVE_TO_COMPLETE_CAP_CATALOGUE	916977	213.378
83	PASS	UNSAT_RELATIVE_TO_COMPLETE_CAP_CATALOGUE	397166	11.9647
84	PASS	UNSAT_RELATIVE_TO_COMPLETE_CAP_CATALOGUE	784185	53.8423
85	PASS	UNSAT_RELATIVE_TO_COMPLETE_CAP_CATALOGUE	322739	10.9212
86	PASS	UNSAT_RELATIVE_TO_COMPLETE_CAP_CATALOGUE	314596	11.5509
87	PASS	UNSAT_RELATIVE_TO_COMPLETE_CAP_CATALOGUE	790845	85.5201
